País,sexo,nivel_laboral,año,prom_ganancias,moneda,note_source.label
Austria,Total,Total,2014,15.93,Currency: AUT - Euro (EUR),"Repository: Eurostat | Data reference period: October | Economic activity coverage: Excluding agriculture, public administration, and activities of households as employers and of extraterritorial organisations and bodies | Establishment size coverage: All establishments with at least 10 employees"
Austria,Total,Directores y gerentes,2014,34.6,Currency: AUT - Euro (EUR),"Repository: Eurostat | Data reference period: October | Economic activity coverage: Excluding agriculture, public administration, and activities of households as employers and of extraterritorial organisations and bodies | Establishment size coverage: All establishments with at least 10 employees"
Austria,Total,Profesionales científicos e intelectuales,2014,23.42,Currency: AUT - Euro (EUR),"Repository: Eurostat | Data reference period: October | Economic activity coverage: Excluding agriculture, public administration, and activities of households as employers and of extraterritorial organisations and bodies | Establishment size coverage: All establishments with at least 10 employees"
Austria,Total,Técnicos y profesionales de nivel medio,2014,18.65,Currency: AUT - Euro (EUR),"Repository: Eurostat | Data reference period: October | Economic activity coverage: Excluding agriculture, public administration, and activities of households as employers and of extraterritorial organisations and bodies | Establishment size coverage: All establishments with at least 10 employees"
Austria,Total,Personal de apoyo administrativo,2014,15.14,Currency: AUT - Euro (EUR),"Repository: Eurostat | Data reference period: October | Economic activity coverage: Excluding agriculture, public administration, and activities of households as employers and of extraterritorial organisations and bodies | Establishment size coverage: All establishments with at least 10 employees"
Austria,Total,Trabajadores de los servicios y vendedores de comercios y mercados,2014,11.23,Currency: AUT - Euro (EUR),"Repository: Eurostat | Data reference period: October | Economic activity coverage: Excluding agriculture, public administration, and activities of households as employers and of extraterritorial organisations and bodies | Establishment size coverage: All establishments with at least 10 employees"
Austria,Total,"Oficiales, operarios y artesanos de artes mecánicas y de otros oficios",2014,14.38,Currency: AUT - Euro (EUR),"Repository: Eurostat | Data reference period: October | Economic activity coverage: Excluding agriculture, public administration, and activities of households as employers and of extraterritorial organisations and bodies | Establishment size coverage: All establishments with at least 10 employees"
Austria,Total,Operadores de instalaciones y máquinas y ensambladores,2014,14.02,Currency: AUT - Euro (EUR),"Repository: Eurostat | Data reference period: October | Economic activity coverage: Excluding agriculture, public administration, and activities of households as employers and of extraterritorial organisations and bodies | Establishment size coverage: All establishments with at least 10 employees"
Austria,Total,Ocupaciones elementales,2014,10.7,Currency: AUT - Euro (EUR),"Repository: Eurostat | Data reference period: October | Economic activity coverage: Excluding agriculture, public administration, and activities of households as employers and of extraterritorial organisations and bodies | Establishment size coverage: All establishments with at least 10 employees"
Austria,Hombres,Total,2014,17.55,Currency: AUT - Euro (EUR),"Repository: Eurostat | Data reference period: October | Economic activity coverage: Excluding agriculture, public administration, and activities of households as employers and of extraterritorial organisations and bodies | Establishment size coverage: All establishments with at least 10 employees"
Austria,Hombres,Directores y gerentes,2014,36.86,Currency: AUT - Euro (EUR),"Repository: Eurostat | Data reference period: October | Economic activity coverage: Excluding agriculture, public administration, and activities of households as employers and of extraterritorial organisations and bodies | Establishment size coverage: All establishments with at least 10 employees"
Austria,Hombres,Profesionales científicos e intelectuales,2014,25.51,Currency: AUT - Euro (EUR),"Repository: Eurostat | Data reference period: October | Economic activity coverage: Excluding agriculture, public administration, and activities of households as employers and of extraterritorial organisations and bodies | Establishment size coverage: All establishments with at least 10 employees"
Austria,Hombres,Técnicos y profesionales de nivel medio,2014,20.15,Currency: AUT - Euro (EUR),"Repository: Eurostat | Data reference period: October | Economic activity coverage: Excluding agriculture, public administration, and activities of households as employers and of extraterritorial organisations and bodies | Establishment size coverage: All establishments with at least 10 employees"
Austria,Hombres,Personal de apoyo administrativo,2014,16.4,Currency: AUT - Euro (EUR),"Repository: Eurostat | Data reference period: October | Economic activity coverage: Excluding agriculture, public administration, and activities of households as employers and of extraterritorial organisations and bodies | Establishment size coverage: All establishments with at least 10 employees"
Austria,Hombres,Trabajadores de los servicios y vendedores de comercios y mercados,2014,12.05,Currency: AUT - Euro (EUR),"Repository: Eurostat | Data reference period: October | Economic activity coverage: Excluding agriculture, public administration, and activities of households as employers and of extraterritorial organisations and bodies | Establishment size coverage: All establishments with at least 10 employees"
Austria,Hombres,"Oficiales, operarios y artesanos de artes mecánicas y de otros oficios",2014,14.6,Currency: AUT - Euro (EUR),"Repository: Eurostat | Data reference period: October | Economic activity coverage: Excluding agriculture, public administration, and activities of households as employers and of extraterritorial organisations and bodies | Establishment size coverage: All establishments with at least 10 employees"
Austria,Hombres,Operadores de instalaciones y máquinas y ensambladores,2014,14.35,Currency: AUT - Euro (EUR),"Repository: Eurostat | Data reference period: October | Economic activity coverage: Excluding agriculture, public administration, and activities of households as employers and of extraterritorial organisations and bodies | Establishment size coverage: All establishments with at least 10 employees"
Austria,Hombres,Ocupaciones elementales,2014,11.85,Currency: AUT - Euro (EUR),"Repository: Eurostat | Data reference period: October | Economic activity coverage: Excluding agriculture, public administration, and activities of households as employers and of extraterritorial organisations and bodies | Establishment size coverage: All establishments with at least 10 employees"
Austria,Mujeres,Total,2014,13.65,Currency: AUT - Euro (EUR),"Repository: Eurostat | Data reference period: October | Economic activity coverage: Excluding agriculture, public administration, and activities of households as employers and of extraterritorial organisations and bodies | Establishment size coverage: All establishments with at least 10 employees"
Austria,Mujeres,Directores y gerentes,2014,26.95,Currency: AUT - Euro (EUR),"Repository: Eurostat | Data reference period: October | Economic activity coverage: Excluding agriculture, public administration, and activities of households as employers and of extraterritorial organisations and bodies | Establishment size coverage: All establishments with at least 10 employees"
Austria,Mujeres,Profesionales científicos e intelectuales,2014,20.37,Currency: AUT - Euro (EUR),"Repository: Eurostat | Data reference period: October | Economic activity coverage: Excluding agriculture, public administration, and activities of households as employers and of extraterritorial organisations and bodies | Establishment size coverage: All establishments with at least 10 employees"
Austria,Mujeres,Técnicos y profesionales de nivel medio,2014,16.3,Currency: AUT - Euro (EUR),"Repository: Eurostat | Data reference period: October | Economic activity coverage: Excluding agriculture, public administration, and activities of households as employers and of extraterritorial organisations and bodies | Establishment size coverage: All establishments with at least 10 employees"
Austria,Mujeres,Personal de apoyo administrativo,2014,14.48,Currency: AUT - Euro (EUR),"Repository: Eurostat | Data reference period: October | Economic activity coverage: Excluding agriculture, public administration, and activities of households as employers and of extraterritorial organisations and bodies | Establishment size coverage: All establishments with at least 10 employees"
Austria,Mujeres,Trabajadores de los servicios y vendedores de comercios y mercados,2014,10.87,Currency: AUT - Euro (EUR),"Repository: Eurostat | Data reference period: October | Economic activity coverage: Excluding agriculture, public administration, and activities of households as employers and of extraterritorial organisations and bodies | Establishment size coverage: All establishments with at least 10 employees"
Austria,Mujeres,"Oficiales, operarios y artesanos de artes mecánicas y de otros oficios",2014,10.96,Currency: AUT - Euro (EUR),"Repository: Eurostat | Data reference period: October | Economic activity coverage: Excluding agriculture, public administration, and activities of households as employers and of extraterritorial organisations and bodies | Establishment size coverage: All establishments with at least 10 employees"
Austria,Mujeres,Operadores de instalaciones y máquinas y ensambladores,2014,11.82,Currency: AUT - Euro (EUR),"Repository: Eurostat | Data reference period: October | Economic activity coverage: Excluding agriculture, public administration, and activities of households as employers and of extraterritorial organisations and bodies | Establishment size coverage: All establishments with at least 10 employees"
Austria,Mujeres,Ocupaciones elementales,2014,9.56,Currency: AUT - Euro (EUR),"Repository: Eurostat | Data reference period: October | Economic activity coverage: Excluding agriculture, public administration, and activities of households as employers and of extraterritorial organisations and bodies | Establishment size coverage: All establishments with at least 10 employees"
Belgium,Total,Total,2014,19.9,Currency: BEL - Euro (EUR),"Repository: Eurostat | Data reference period: October | Economic activity coverage: Excluding agriculture, public administration, and activities of households as employers and of extraterritorial organisations and bodies | Establishment size coverage: All establishments with at least 10 employees"
Belgium,Total,Directores y gerentes,2014,38.63,Currency: BEL - Euro (EUR),"Repository: Eurostat | Data reference period: October | Economic activity coverage: Excluding agriculture, public administration, and activities of households as employers and of extraterritorial organisations and bodies | Establishment size coverage: All establishments with at least 10 employees"
Belgium,Total,Profesionales científicos e intelectuales,2014,28.01,Currency: BEL - Euro (EUR),"Repository: Eurostat | Data reference period: October | Economic activity coverage: Excluding agriculture, public administration, and activities of households as employers and of extraterritorial organisations and bodies | Establishment size coverage: All establishments with at least 10 employees"
Belgium,Total,Técnicos y profesionales de nivel medio,2014,20.93,Currency: BEL - Euro (EUR),"Repository: Eurostat | Data reference period: October | Economic activity coverage: Excluding agriculture, public administration, and activities of households as employers and of extraterritorial organisations and bodies | Establishment size coverage: All establishments with at least 10 employees"
Belgium,Total,Personal de apoyo administrativo,2014,17.44,Currency: BEL - Euro (EUR),"Repository: Eurostat | Data reference period: October | Economic activity coverage: Excluding agriculture, public administration, and activities of households as employers and of extraterritorial organisations and bodies | Establishment size coverage: All establishments with at least 10 employees"
Belgium,Total,Trabajadores de los servicios y vendedores de comercios y mercados,2014,15.2,Currency: BEL - Euro (EUR),"Repository: Eurostat | Data reference period: October | Economic activity coverage: Excluding agriculture, public administration, and activities of households as employers and of extraterritorial organisations and bodies | Establishment size coverage: All establishments with at least 10 employees"
Belgium,Total,"Oficiales, operarios y artesanos de artes mecánicas y de otros oficios",2014,15.98,Currency: BEL - Euro (EUR),"Repository: Eurostat | Data reference period: October | Economic activity coverage: Excluding agriculture, public administration, and activities of households as employers and of extraterritorial organisations and bodies | Establishment size coverage: All establishments with at least 10 employees"
Belgium,Total,Operadores de instalaciones y máquinas y ensambladores,2014,16.66,Currency: BEL - Euro (EUR),"Repository: Eurostat | Data reference period: October | Economic activity coverage: Excluding agriculture, public administration, and activities of households as employers and of extraterritorial organisations and bodies | Establishment size coverage: All establishments with at least 10 employees"
Belgium,Total,Ocupaciones elementales,2014,14.04,Currency: BEL - Euro (EUR),"Repository: Eurostat | Data reference period: October | Economic activity coverage: Excluding agriculture, public administration, and activities of households as employers and of extraterritorial organisations and bodies | Establishment size coverage: All establishments with at least 10 employees"
Belgium,Hombres,Total,2014,20.49,Currency: BEL - Euro (EUR),"Repository: Eurostat | Data reference period: October | Economic activity coverage: Excluding agriculture, public administration, and activities of households as employers and of extraterritorial organisations and bodies | Establishment size coverage: All establishments with at least 10 employees"
Belgium,Hombres,Directores y gerentes,2014,39.89,Currency: BEL - Euro (EUR),"Repository: Eurostat | Data reference period: October | Economic activity coverage: Excluding agriculture, public administration, and activities of households as employers and of extraterritorial organisations and bodies | Establishment size coverage: All establishments with at least 10 employees"
Belgium,Hombres,Profesionales científicos e intelectuales,2014,28.28,Currency: BEL - Euro (EUR),"Repository: Eurostat | Data reference period: October | Economic activity coverage: Excluding agriculture, public administration, and activities of households as employers and of extraterritorial organisations and bodies | Establishment size coverage: All establishments with at least 10 employees"
Belgium,Hombres,Técnicos y profesionales de nivel medio,2014,21.54,Currency: BEL - Euro (EUR),"Repository: Eurostat | Data reference period: October | Economic activity coverage: Excluding agriculture, public administration, and activities of households as employers and of extraterritorial organisations and bodies | Establishment size coverage: All establishments with at least 10 employees"
Belgium,Hombres,Personal de apoyo administrativo,2014,17.4,Currency: BEL - Euro (EUR),"Repository: Eurostat | Data reference period: October | Economic activity coverage: Excluding agriculture, public administration, and activities of households as employers and of extraterritorial organisations and bodies | Establishment size coverage: All establishments with at least 10 employees"
Belgium,Hombres,Trabajadores de los servicios y vendedores de comercios y mercados,2014,14.99,Currency: BEL - Euro (EUR),"Repository: Eurostat | Data reference period: October | Economic activity coverage: Excluding agriculture, public administration, and activities of households as employers and of extraterritorial organisations and bodies | Establishment size coverage: All establishments with at least 10 employees"
Belgium,Hombres,"Oficiales, operarios y artesanos de artes mecánicas y de otros oficios",2014,16.03,Currency: BEL - Euro (EUR),"Repository: Eurostat | Data reference period: October | Economic activity coverage: Excluding agriculture, public administration, and activities of households as employers and of extraterritorial organisations and bodies | Establishment size coverage: All establishments with at least 10 employees"
Belgium,Hombres,Operadores de instalaciones y máquinas y ensambladores,2014,16.79,Currency: BEL - Euro (EUR),"Repository: Eurostat | Data reference period: October | Economic activity coverage: Excluding agriculture, public administration, and activities of households as employers and of extraterritorial organisations and bodies | Establishment size coverage: All establishments with at least 10 employees"
Belgium,Hombres,Ocupaciones elementales,2014,14.3,Currency: BEL - Euro (EUR),"Repository: Eurostat | Data reference period: October | Economic activity coverage: Excluding agriculture, public administration, and activities of households as employers and of extraterritorial organisations and bodies | Establishment size coverage: All establishments with at least 10 employees"
Belgium,Mujeres,Total,2014,19.15,Currency: BEL - Euro (EUR),"Repository: Eurostat | Data reference period: October | Economic activity coverage: Excluding agriculture, public administration, and activities of households as employers and of extraterritorial organisations and bodies | Establishment size coverage: All establishments with at least 10 employees"
Belgium,Mujeres,Directores y gerentes,2014,34.45,Currency: BEL - Euro (EUR),"Repository: Eurostat | Data reference period: October | Economic activity coverage: Excluding agriculture, public administration, and activities of households as employers and of extraterritorial organisations and bodies | Establishment size coverage: All establishments with at least 10 employees"
Belgium,Mujeres,Profesionales científicos e intelectuales,2014,27.65,Currency: BEL - Euro (EUR),"Repository: Eurostat | Data reference period: October | Economic activity coverage: Excluding agriculture, public administration, and activities of households as employers and of extraterritorial organisations and bodies | Establishment size coverage: All establishments with at least 10 employees"
Belgium,Mujeres,Técnicos y profesionales de nivel medio,2014,20.32,Currency: BEL - Euro (EUR),"Repository: Eurostat | Data reference period: October | Economic activity coverage: Excluding agriculture, public administration, and activities of households as employers and of extraterritorial organisations and bodies | Establishment size coverage: All establishments with at least 10 employees"
Belgium,Mujeres,Personal de apoyo administrativo,2014,17.47,Currency: BEL - Euro (EUR),"Repository: Eurostat | Data reference period: October | Economic activity coverage: Excluding agriculture, public administration, and activities of households as employers and of extraterritorial organisations and bodies | Establishment size coverage: All establishments with at least 10 employees"
Belgium,Mujeres,Trabajadores de los servicios y vendedores de comercios y mercados,2014,15.3,Currency: BEL - Euro (EUR),"Repository: Eurostat | Data reference period: October | Economic activity coverage: Excluding agriculture, public administration, and activities of households as employers and of extraterritorial organisations and bodies | Establishment size coverage: All establishments with at least 10 employees"
Belgium,Mujeres,"Oficiales, operarios y artesanos de artes mecánicas y de otros oficios",2014,15.22,Currency: BEL - Euro (EUR),"Repository: Eurostat | Data reference period: October | Economic activity coverage: Excluding agriculture, public administration, and activities of households as employers and of extraterritorial organisations and bodies | Establishment size coverage: All establishments with at least 10 employees"
Belgium,Mujeres,Operadores de instalaciones y máquinas y ensambladores,2014,15.96,Currency: BEL - Euro (EUR),"Repository: Eurostat | Data reference period: October | Economic activity coverage: Excluding agriculture, public administration, and activities of households as employers and of extraterritorial organisations and bodies | Establishment size coverage: All establishments with at least 10 employees"
Belgium,Mujeres,Ocupaciones elementales,2014,13.82,Currency: BEL - Euro (EUR),"Repository: Eurostat | Data reference period: October | Economic activity coverage: Excluding agriculture, public administration, and activities of households as employers and of extraterritorial organisations and bodies | Establishment size coverage: All establishments with at least 10 employees"
Bulgaria,Total,Total,2014,2.34,Currency: BGR - Euro (EUR),"Repository: Eurostat | Data reference period: October | Economic activity coverage: Excluding agriculture, public administration, and activities of households as employers and of extraterritorial organisations and bodies | Establishment size coverage: All establishments with at least 10 employees"
Bulgaria,Total,Directores y gerentes,2014,5.65,Currency: BGR - Euro (EUR),"Repository: Eurostat | Data reference period: October | Economic activity coverage: Excluding agriculture, public administration, and activities of households as employers and of extraterritorial organisations and bodies | Establishment size coverage: All establishments with at least 10 employees"
Bulgaria,Total,Profesionales científicos e intelectuales,2014,3.43,Currency: BGR - Euro (EUR),"Repository: Eurostat | Data reference period: October | Economic activity coverage: Excluding agriculture, public administration, and activities of households as employers and of extraterritorial organisations and bodies | Establishment size coverage: All establishments with at least 10 employees"
Bulgaria,Total,Técnicos y profesionales de nivel medio,2014,3.03,Currency: BGR - Euro (EUR),"Repository: Eurostat | Data reference period: October | Economic activity coverage: Excluding agriculture, public administration, and activities of households as employers and of extraterritorial organisations and bodies | Establishment size coverage: All establishments with at least 10 employees"
Bulgaria,Total,Personal de apoyo administrativo,2014,2.0,Currency: BGR - Euro (EUR),"Repository: Eurostat | Data reference period: October | Economic activity coverage: Excluding agriculture, public administration, and activities of households as employers and of extraterritorial organisations and bodies | Establishment size coverage: All establishments with at least 10 employees"
Bulgaria,Total,Trabajadores de los servicios y vendedores de comercios y mercados,2014,1.44,Currency: BGR - Euro (EUR),"Repository: Eurostat | Data reference period: October | Economic activity coverage: Excluding agriculture, public administration, and activities of households as employers and of extraterritorial organisations and bodies | Establishment size coverage: All establishments with at least 10 employees"
Bulgaria,Total,"Agricultores y trabajadores calificados agropecuarios, forestales y pesqueros",2014,4.29,Currency: BGR - Euro (EUR),"Repository: Eurostat | Data reference period: October | Economic activity coverage: Excluding agriculture, public administration, and activities of households as employers and of extraterritorial organisations and bodies | Establishment size coverage: All establishments with at least 10 employees"
Bulgaria,Total,"Oficiales, operarios y artesanos de artes mecánicas y de otros oficios",2014,2.05,Currency: BGR - Euro (EUR),"Repository: Eurostat | Data reference period: October | Economic activity coverage: Excluding agriculture, public administration, and activities of households as employers and of extraterritorial organisations and bodies | Establishment size coverage: All establishments with at least 10 employees"
Bulgaria,Total,Operadores de instalaciones y máquinas y ensambladores,2014,1.83,Currency: BGR - Euro (EUR),"Repository: Eurostat | Data reference period: October | Economic activity coverage: Excluding agriculture, public administration, and activities of households as employers and of extraterritorial organisations and bodies | Establishment size coverage: All establishments with at least 10 employees"
Bulgaria,Total,Ocupaciones elementales,2014,1.35,Currency: BGR - Euro (EUR),"Repository: Eurostat | Data reference period: October | Economic activity coverage: Excluding agriculture, public administration, and activities of households as employers and of extraterritorial organisations and bodies | Establishment size coverage: All establishments with at least 10 employees"
Bulgaria,Hombres,Total,2014,2.52,Currency: BGR - Euro (EUR),"Repository: Eurostat | Data reference period: October | Economic activity coverage: Excluding agriculture, public administration, and activities of households as employers and of extraterritorial organisations and bodies | Establishment size coverage: All establishments with at least 10 employees"
Bulgaria,Hombres,Directores y gerentes,2014,6.05,Currency: BGR - Euro (EUR),"Repository: Eurostat | Data reference period: October | Economic activity coverage: Excluding agriculture, public administration, and activities of households as employers and of extraterritorial organisations and bodies | Establishment size coverage: All establishments with at least 10 employees"
Bulgaria,Hombres,Profesionales científicos e intelectuales,2014,4.45,Currency: BGR - Euro (EUR),"Repository: Eurostat | Data reference period: October | Economic activity coverage: Excluding agriculture, public administration, and activities of households as employers and of extraterritorial organisations and bodies | Establishment size coverage: All establishments with at least 10 employees"
Bulgaria,Hombres,Técnicos y profesionales de nivel medio,2014,3.23,Currency: BGR - Euro (EUR),"Repository: Eurostat | Data reference period: October | Economic activity coverage: Excluding agriculture, public administration, and activities of households as employers and of extraterritorial organisations and bodies | Establishment size coverage: All establishments with at least 10 employees"
Bulgaria,Hombres,Personal de apoyo administrativo,2014,2.16,Currency: BGR - Euro (EUR),"Repository: Eurostat | Data reference period: October | Economic activity coverage: Excluding agriculture, public administration, and activities of households as employers and of extraterritorial organisations and bodies | Establishment size coverage: All establishments with at least 10 employees"
Bulgaria,Hombres,Trabajadores de los servicios y vendedores de comercios y mercados,2014,1.42,Currency: BGR - Euro (EUR),"Repository: Eurostat | Data reference period: October | Economic activity coverage: Excluding agriculture, public administration, and activities of households as employers and of extraterritorial organisations and bodies | Establishment size coverage: All establishments with at least 10 employees"
Bulgaria,Hombres,"Agricultores y trabajadores calificados agropecuarios, forestales y pesqueros",2014,4.21,Currency: BGR - Euro (EUR),"Repository: Eurostat | Data reference period: October | Economic activity coverage: Excluding agriculture, public administration, and activities of households as employers and of extraterritorial organisations and bodies | Establishment size coverage: All establishments with at least 10 employees"
Bulgaria,Hombres,"Oficiales, operarios y artesanos de artes mecánicas y de otros oficios",2014,2.28,Currency: BGR - Euro (EUR),"Repository: Eurostat | Data reference period: October | Economic activity coverage: Excluding agriculture, public administration, and activities of households as employers and of extraterritorial organisations and bodies | Establishment size coverage: All establishments with at least 10 employees"
Bulgaria,Hombres,Operadores de instalaciones y máquinas y ensambladores,2014,1.93,Currency: BGR - Euro (EUR),"Repository: Eurostat | Data reference period: October | Economic activity coverage: Excluding agriculture, public administration, and activities of households as employers and of extraterritorial organisations and bodies | Establishment size coverage: All establishments with at least 10 employees"
Bulgaria,Hombres,Ocupaciones elementales,2014,1.4,Currency: BGR - Euro (EUR),"Repository: Eurostat | Data reference period: October | Economic activity coverage: Excluding agriculture, public administration, and activities of households as employers and of extraterritorial organisations and bodies | Establishment size coverage: All establishments with at least 10 employees"
Bulgaria,Mujeres,Total,2014,2.16,Currency: BGR - Euro (EUR),"Repository: Eurostat | Data reference period: October | Economic activity coverage: Excluding agriculture, public administration, and activities of households as employers and of extraterritorial organisations and bodies | Establishment size coverage: All establishments with at least 10 employees"
Bulgaria,Mujeres,Directores y gerentes,2014,5.14,Currency: BGR - Euro (EUR),"Repository: Eurostat | Data reference period: October | Economic activity coverage: Excluding agriculture, public administration, and activities of households as employers and of extraterritorial organisations and bodies | Establishment size coverage: All establishments with at least 10 employees"
Bulgaria,Mujeres,Profesionales científicos e intelectuales,2014,2.96,Currency: BGR - Euro (EUR),"Repository: Eurostat | Data reference period: October | Economic activity coverage: Excluding agriculture, public administration, and activities of households as employers and of extraterritorial organisations and bodies | Establishment size coverage: All establishments with at least 10 employees"
Bulgaria,Mujeres,Técnicos y profesionales de nivel medio,2014,2.78,Currency: BGR - Euro (EUR),"Repository: Eurostat | Data reference period: October | Economic activity coverage: Excluding agriculture, public administration, and activities of households as employers and of extraterritorial organisations and bodies | Establishment size coverage: All establishments with at least 10 employees"
Bulgaria,Mujeres,Personal de apoyo administrativo,2014,1.94,Currency: BGR - Euro (EUR),"Repository: Eurostat | Data reference period: October | Economic activity coverage: Excluding agriculture, public administration, and activities of households as employers and of extraterritorial organisations and bodies | Establishment size coverage: All establishments with at least 10 employees"
Bulgaria,Mujeres,Trabajadores de los servicios y vendedores de comercios y mercados,2014,1.46,Currency: BGR - Euro (EUR),"Repository: Eurostat | Data reference period: October | Economic activity coverage: Excluding agriculture, public administration, and activities of households as employers and of extraterritorial organisations and bodies | Establishment size coverage: All establishments with at least 10 employees"
Bulgaria,Mujeres,"Agricultores y trabajadores calificados agropecuarios, forestales y pesqueros",2014,4.44,Currency: BGR - Euro (EUR),"Repository: Eurostat | Data reference period: October | Economic activity coverage: Excluding agriculture, public administration, and activities of households as employers and of extraterritorial organisations and bodies | Establishment size coverage: All establishments with at least 10 employees"
Bulgaria,Mujeres,"Oficiales, operarios y artesanos de artes mecánicas y de otros oficios",2014,1.53,Currency: BGR - Euro (EUR),"Repository: Eurostat | Data reference period: October | Economic activity coverage: Excluding agriculture, public administration, and activities of households as employers and of extraterritorial organisations and bodies | Establishment size coverage: All establishments with at least 10 employees"
Bulgaria,Mujeres,Operadores de instalaciones y máquinas y ensambladores,2014,1.57,Currency: BGR - Euro (EUR),"Repository: Eurostat | Data reference period: October | Economic activity coverage: Excluding agriculture, public administration, and activities of households as employers and of extraterritorial organisations and bodies | Establishment size coverage: All establishments with at least 10 employees"
Bulgaria,Mujeres,Ocupaciones elementales,2014,1.3,Currency: BGR - Euro (EUR),"Repository: Eurostat | Data reference period: October | Economic activity coverage: Excluding agriculture, public administration, and activities of households as employers and of extraterritorial organisations and bodies | Establishment size coverage: All establishments with at least 10 employees"
Switzerland,Total,Total,2014,41.97,Currency: CHE - Euro (EUR),Repository: ILO-STATISTICS - Micro data processing
Switzerland,Total,Directores y gerentes,2014,58.37,Currency: CHE - Euro (EUR),Repository: ILO-STATISTICS - Micro data processing
Switzerland,Total,Profesionales científicos e intelectuales,2014,59.69,Currency: CHE - Euro (EUR),Repository: ILO-STATISTICS - Micro data processing
Switzerland,Total,Técnicos y profesionales de nivel medio,2014,42.76,Currency: CHE - Euro (EUR),Repository: ILO-STATISTICS - Micro data processing
Switzerland,Total,Personal de apoyo administrativo,2014,37.81,Currency: CHE - Euro (EUR),Repository: ILO-STATISTICS - Micro data processing
Switzerland,Total,Trabajadores de los servicios y vendedores de comercios y mercados,2014,28.13,Currency: CHE - Euro (EUR),Repository: ILO-STATISTICS - Micro data processing
Switzerland,Total,"Agricultores y trabajadores calificados agropecuarios, forestales y pesqueros",2014,28.13,Currency: CHE - Euro (EUR),Repository: ILO-STATISTICS - Micro data processing
Switzerland,Total,"Oficiales, operarios y artesanos de artes mecánicas y de otros oficios",2014,30.14,Currency: CHE - Euro (EUR),Repository: ILO-STATISTICS - Micro data processing
Switzerland,Total,Operadores de instalaciones y máquinas y ensambladores,2014,32.89,Currency: CHE - Euro (EUR),Repository: ILO-STATISTICS - Micro data processing
Switzerland,Total,Ocupaciones elementales,2014,29.36,Currency: CHE - Euro (EUR),Repository: ILO-STATISTICS - Micro data processing
Switzerland,Total,Ocupaciones militares,2014,40.35,Currency: CHE - Euro (EUR),Repository: ILO-STATISTICS - Micro data processing
Switzerland,Total,No clasificado,2014,39.48,Currency: CHE - Euro (EUR),Repository: ILO-STATISTICS - Micro data processing
Switzerland,Hombres,Total,2014,44.53,Currency: CHE - Euro (EUR),Repository: ILO-STATISTICS - Micro data processing
Switzerland,Hombres,Directores y gerentes,2014,64.19,Currency: CHE - Euro (EUR),Repository: ILO-STATISTICS - Micro data processing
Switzerland,Hombres,Profesionales científicos e intelectuales,2014,61.04,Currency: CHE - Euro (EUR),Repository: ILO-STATISTICS - Micro data processing
Switzerland,Hombres,Técnicos y profesionales de nivel medio,2014,46.81,Currency: CHE - Euro (EUR),Repository: ILO-STATISTICS - Micro data processing
Switzerland,Hombres,Personal de apoyo administrativo,2014,43.25,Currency: CHE - Euro (EUR),Repository: ILO-STATISTICS - Micro data processing
Switzerland,Hombres,Trabajadores de los servicios y vendedores de comercios y mercados,2014,31.8,Currency: CHE - Euro (EUR),Repository: ILO-STATISTICS - Micro data processing
Switzerland,Hombres,"Agricultores y trabajadores calificados agropecuarios, forestales y pesqueros",2014,28.18,Currency: CHE - Euro (EUR),Repository: ILO-STATISTICS - Micro data processing
Switzerland,Hombres,"Oficiales, operarios y artesanos de artes mecánicas y de otros oficios",2014,30.52,Currency: CHE - Euro (EUR),Repository: ILO-STATISTICS - Micro data processing
Switzerland,Hombres,Operadores de instalaciones y máquinas y ensambladores,2014,33.78,Currency: CHE - Euro (EUR),Repository: ILO-STATISTICS - Micro data processing
Switzerland,Hombres,Ocupaciones elementales,2014,29.73,Currency: CHE - Euro (EUR),Repository: ILO-STATISTICS - Micro data processing
Switzerland,Hombres,Ocupaciones militares,2014,40.5,Currency: CHE - Euro (EUR),Repository: ILO-STATISTICS - Micro data processing
Switzerland,Hombres,No clasificado,2014,38.08,Currency: CHE - Euro (EUR),Repository: ILO-STATISTICS - Micro data processing
Switzerland,Mujeres,Total,2014,39.05,Currency: CHE - Euro (EUR),Repository: ILO-STATISTICS - Micro data processing
Switzerland,Mujeres,Directores y gerentes,2014,46.02,Currency: CHE - Euro (EUR),Repository: ILO-STATISTICS - Micro data processing
Switzerland,Mujeres,Profesionales científicos e intelectuales,2014,58.25,Currency: CHE - Euro (EUR),Repository: ILO-STATISTICS - Micro data processing
Switzerland,Mujeres,Técnicos y profesionales de nivel medio,2014,38.25,Currency: CHE - Euro (EUR),Repository: ILO-STATISTICS - Micro data processing
Switzerland,Mujeres,Personal de apoyo administrativo,2014,34.48,Currency: CHE - Euro (EUR),Repository: ILO-STATISTICS - Micro data processing
Switzerland,Mujeres,Trabajadores de los servicios y vendedores de comercios y mercados,2014,26.22,Currency: CHE - Euro (EUR),Repository: ILO-STATISTICS - Micro data processing
Switzerland,Mujeres,"Agricultores y trabajadores calificados agropecuarios, forestales y pesqueros",2014,27.88,Currency: CHE - Euro (EUR),Repository: ILO-STATISTICS - Micro data processing
Switzerland,Mujeres,"Oficiales, operarios y artesanos de artes mecánicas y de otros oficios",2014,27.71,Currency: CHE - Euro (EUR),Repository: ILO-STATISTICS - Micro data processing
Switzerland,Mujeres,Operadores de instalaciones y máquinas y ensambladores,2014,28.62,Currency: CHE - Euro (EUR),Repository: ILO-STATISTICS - Micro data processing
Switzerland,Mujeres,Ocupaciones elementales,2014,29.1,Currency: CHE - Euro (EUR),Repository: ILO-STATISTICS - Micro data processing
Switzerland,Mujeres,Ocupaciones militares,2014,34.48,Currency: CHE - Euro (EUR),Repository: ILO-STATISTICS - Micro data processing
Switzerland,Mujeres,No clasificado,2014,41.2,Currency: CHE - Euro (EUR),Repository: ILO-STATISTICS - Micro data processing
Germany,Total,Total,2014,17.78,Currency: DEU - Euro (EUR),"Repository: Eurostat | Data reference period: October | Economic activity coverage: Excluding agriculture, public administration, and activities of households as employers and of extraterritorial organisations and bodies | Establishment size coverage: All establishments with at least 10 employees"
Germany,Total,Directores y gerentes,2014,43.46,Currency: DEU - Euro (EUR),"Repository: Eurostat | Data reference period: October | Economic activity coverage: Excluding agriculture, public administration, and activities of households as employers and of extraterritorial organisations and bodies | Establishment size coverage: All establishments with at least 10 employees"
Germany,Total,Profesionales científicos e intelectuales,2014,26.88,Currency: DEU - Euro (EUR),"Repository: Eurostat | Data reference period: October | Economic activity coverage: Excluding agriculture, public administration, and activities of households as employers and of extraterritorial organisations and bodies | Establishment size coverage: All establishments with at least 10 employees"
Germany,Total,Técnicos y profesionales de nivel medio,2014,19.98,Currency: DEU - Euro (EUR),"Repository: Eurostat | Data reference period: October | Economic activity coverage: Excluding agriculture, public administration, and activities of households as employers and of extraterritorial organisations and bodies | Establishment size coverage: All establishments with at least 10 employees"
Germany,Total,Personal de apoyo administrativo,2014,16.7,Currency: DEU - Euro (EUR),"Repository: Eurostat | Data reference period: October | Economic activity coverage: Excluding agriculture, public administration, and activities of households as employers and of extraterritorial organisations and bodies | Establishment size coverage: All establishments with at least 10 employees"
Germany,Total,Trabajadores de los servicios y vendedores de comercios y mercados,2014,11.82,Currency: DEU - Euro (EUR),"Repository: Eurostat | Data reference period: October | Economic activity coverage: Excluding agriculture, public administration, and activities of households as employers and of extraterritorial organisations and bodies | Establishment size coverage: All establishments with at least 10 employees"
Germany,Total,"Agricultores y trabajadores calificados agropecuarios, forestales y pesqueros",2014,12.53,Currency: DEU - Euro (EUR),"Repository: Eurostat | Data reference period: October | Economic activity coverage: Excluding agriculture, public administration, and activities of households as employers and of extraterritorial organisations and bodies | Establishment size coverage: All establishments with at least 10 employees"
Germany,Total,"Oficiales, operarios y artesanos de artes mecánicas y de otros oficios",2014,16.41,Currency: DEU - Euro (EUR),"Repository: Eurostat | Data reference period: October | Economic activity coverage: Excluding agriculture, public administration, and activities of households as employers and of extraterritorial organisations and bodies | Establishment size coverage: All establishments with at least 10 employees"
Germany,Total,Operadores de instalaciones y máquinas y ensambladores,2014,14.66,Currency: DEU - Euro (EUR),"Repository: Eurostat | Data reference period: October | Economic activity coverage: Excluding agriculture, public administration, and activities of households as employers and of extraterritorial organisations and bodies | Establishment size coverage: All establishments with at least 10 employees"
Germany,Total,Ocupaciones elementales,2014,9.89,Currency: DEU - Euro (EUR),"Repository: Eurostat | Data reference period: October | Economic activity coverage: Excluding agriculture, public administration, and activities of households as employers and of extraterritorial organisations and bodies | Establishment size coverage: All establishments with at least 10 employees"
Germany,Hombres,Total,2014,19.87,Currency: DEU - Euro (EUR),"Repository: Eurostat | Data reference period: October | Economic activity coverage: Excluding agriculture, public administration, and activities of households as employers and of extraterritorial organisations and bodies | Establishment size coverage: All establishments with at least 10 employees"
Germany,Hombres,Directores y gerentes,2014,46.22,Currency: DEU - Euro (EUR),"Repository: Eurostat | Data reference period: October | Economic activity coverage: Excluding agriculture, public administration, and activities of households as employers and of extraterritorial organisations and bodies | Establishment size coverage: All establishments with at least 10 employees"
Germany,Hombres,Profesionales científicos e intelectuales,2014,29.97,Currency: DEU - Euro (EUR),"Repository: Eurostat | Data reference period: October | Economic activity coverage: Excluding agriculture, public administration, and activities of households as employers and of extraterritorial organisations and bodies | Establishment size coverage: All establishments with at least 10 employees"
Germany,Hombres,Técnicos y profesionales de nivel medio,2014,23.27,Currency: DEU - Euro (EUR),"Repository: Eurostat | Data reference period: October | Economic activity coverage: Excluding agriculture, public administration, and activities of households as employers and of extraterritorial organisations and bodies | Establishment size coverage: All establishments with at least 10 employees"
Germany,Hombres,Personal de apoyo administrativo,2014,17.63,Currency: DEU - Euro (EUR),"Repository: Eurostat | Data reference period: October | Economic activity coverage: Excluding agriculture, public administration, and activities of households as employers and of extraterritorial organisations and bodies | Establishment size coverage: All establishments with at least 10 employees"
Germany,Hombres,Trabajadores de los servicios y vendedores de comercios y mercados,2014,12.77,Currency: DEU - Euro (EUR),"Repository: Eurostat | Data reference period: October | Economic activity coverage: Excluding agriculture, public administration, and activities of households as employers and of extraterritorial organisations and bodies | Establishment size coverage: All establishments with at least 10 employees"
Germany,Hombres,"Agricultores y trabajadores calificados agropecuarios, forestales y pesqueros",2014,12.84,Currency: DEU - Euro (EUR),"Repository: Eurostat | Data reference period: October | Economic activity coverage: Excluding agriculture, public administration, and activities of households as employers and of extraterritorial organisations and bodies | Establishment size coverage: All establishments with at least 10 employees"
Germany,Hombres,"Oficiales, operarios y artesanos de artes mecánicas y de otros oficios",2014,16.71,Currency: DEU - Euro (EUR),"Repository: Eurostat | Data reference period: October | Economic activity coverage: Excluding agriculture, public administration, and activities of households as employers and of extraterritorial organisations and bodies | Establishment size coverage: All establishments with at least 10 employees"
Germany,Hombres,Operadores de instalaciones y máquinas y ensambladores,2014,15.1,Currency: DEU - Euro (EUR),"Repository: Eurostat | Data reference period: October | Economic activity coverage: Excluding agriculture, public administration, and activities of households as employers and of extraterritorial organisations and bodies | Establishment size coverage: All establishments with at least 10 employees"
Germany,Hombres,Ocupaciones elementales,2014,10.38,Currency: DEU - Euro (EUR),"Repository: Eurostat | Data reference period: October | Economic activity coverage: Excluding agriculture, public administration, and activities of households as employers and of extraterritorial organisations and bodies | Establishment size coverage: All establishments with at least 10 employees"
Germany,Mujeres,Total,2014,15.44,Currency: DEU - Euro (EUR),"Repository: Eurostat | Data reference period: October | Economic activity coverage: Excluding agriculture, public administration, and activities of households as employers and of extraterritorial organisations and bodies | Establishment size coverage: All establishments with at least 10 employees"
Germany,Mujeres,Directores y gerentes,2014,33.84,Currency: DEU - Euro (EUR),"Repository: Eurostat | Data reference period: October | Economic activity coverage: Excluding agriculture, public administration, and activities of households as employers and of extraterritorial organisations and bodies | Establishment size coverage: All establishments with at least 10 employees"
Germany,Mujeres,Profesionales científicos e intelectuales,2014,23.31,Currency: DEU - Euro (EUR),"Repository: Eurostat | Data reference period: October | Economic activity coverage: Excluding agriculture, public administration, and activities of households as employers and of extraterritorial organisations and bodies | Establishment size coverage: All establishments with at least 10 employees"
Germany,Mujeres,Técnicos y profesionales de nivel medio,2014,17.22,Currency: DEU - Euro (EUR),"Repository: Eurostat | Data reference period: October | Economic activity coverage: Excluding agriculture, public administration, and activities of households as employers and of extraterritorial organisations and bodies | Establishment size coverage: All establishments with at least 10 employees"
Germany,Mujeres,Personal de apoyo administrativo,2014,16.07,Currency: DEU - Euro (EUR),"Repository: Eurostat | Data reference period: October | Economic activity coverage: Excluding agriculture, public administration, and activities of households as employers and of extraterritorial organisations and bodies | Establishment size coverage: All establishments with at least 10 employees"
Germany,Mujeres,Trabajadores de los servicios y vendedores de comercios y mercados,2014,11.37,Currency: DEU - Euro (EUR),"Repository: Eurostat | Data reference period: October | Economic activity coverage: Excluding agriculture, public administration, and activities of households as employers and of extraterritorial organisations and bodies | Establishment size coverage: All establishments with at least 10 employees"
Germany,Mujeres,"Agricultores y trabajadores calificados agropecuarios, forestales y pesqueros",2014,10.9,Currency: DEU - Euro (EUR),"Repository: Eurostat | Data reference period: October | Economic activity coverage: Excluding agriculture, public administration, and activities of households as employers and of extraterritorial organisations and bodies | Establishment size coverage: All establishments with at least 10 employees"
Germany,Mujeres,"Oficiales, operarios y artesanos de artes mecánicas y de otros oficios",2014,13.16,Currency: DEU - Euro (EUR),"Repository: Eurostat | Data reference period: October | Economic activity coverage: Excluding agriculture, public administration, and activities of households as employers and of extraterritorial organisations and bodies | Establishment size coverage: All establishments with at least 10 employees"
Germany,Mujeres,Operadores de instalaciones y máquinas y ensambladores,2014,12.5,Currency: DEU - Euro (EUR),"Repository: Eurostat | Data reference period: October | Economic activity coverage: Excluding agriculture, public administration, and activities of households as employers and of extraterritorial organisations and bodies | Establishment size coverage: All establishments with at least 10 employees"
Germany,Mujeres,Ocupaciones elementales,2014,9.58,Currency: DEU - Euro (EUR),"Repository: Eurostat | Data reference period: October | Economic activity coverage: Excluding agriculture, public administration, and activities of households as employers and of extraterritorial organisations and bodies | Establishment size coverage: All establishments with at least 10 employees"
Denmark,Total,Total,2014,27.61,Currency: DNK - Euro (EUR),"Repository: Eurostat | Economic activity coverage: Excluding agriculture, public administration, and activities of households as employers and of extraterritorial organisations and bodies | Establishment size coverage: All establishments with at least 10 employees"
Denmark,Total,Directores y gerentes,2014,47.09,Currency: DNK - Euro (EUR),"Repository: Eurostat | Economic activity coverage: Excluding agriculture, public administration, and activities of households as employers and of extraterritorial organisations and bodies | Establishment size coverage: All establishments with at least 10 employees"
Denmark,Total,Profesionales científicos e intelectuales,2014,32.46,Currency: DNK - Euro (EUR),"Repository: Eurostat | Economic activity coverage: Excluding agriculture, public administration, and activities of households as employers and of extraterritorial organisations and bodies | Establishment size coverage: All establishments with at least 10 employees"
Denmark,Total,Técnicos y profesionales de nivel medio,2014,30.51,Currency: DNK - Euro (EUR),"Repository: Eurostat | Economic activity coverage: Excluding agriculture, public administration, and activities of households as employers and of extraterritorial organisations and bodies | Establishment size coverage: All establishments with at least 10 employees"
Denmark,Total,Personal de apoyo administrativo,2014,24.68,Currency: DNK - Euro (EUR),"Repository: Eurostat | Economic activity coverage: Excluding agriculture, public administration, and activities of households as employers and of extraterritorial organisations and bodies | Establishment size coverage: All establishments with at least 10 employees"
Denmark,Total,Trabajadores de los servicios y vendedores de comercios y mercados,2014,20.85,Currency: DNK - Euro (EUR),"Repository: Eurostat | Economic activity coverage: Excluding agriculture, public administration, and activities of households as employers and of extraterritorial organisations and bodies | Establishment size coverage: All establishments with at least 10 employees"
Denmark,Total,"Agricultores y trabajadores calificados agropecuarios, forestales y pesqueros",2014,23.18,Currency: DNK - Euro (EUR),"Repository: Eurostat | Economic activity coverage: Excluding agriculture, public administration, and activities of households as employers and of extraterritorial organisations and bodies | Establishment size coverage: All establishments with at least 10 employees"
Denmark,Total,"Oficiales, operarios y artesanos de artes mecánicas y de otros oficios",2014,27.25,Currency: DNK - Euro (EUR),"Repository: Eurostat | Economic activity coverage: Excluding agriculture, public administration, and activities of households as employers and of extraterritorial organisations and bodies | Establishment size coverage: All establishments with at least 10 employees"
Denmark,Total,Operadores de instalaciones y máquinas y ensambladores,2014,26.37,Currency: DNK - Euro (EUR),"Repository: Eurostat | Economic activity coverage: Excluding agriculture, public administration, and activities of households as employers and of extraterritorial organisations and bodies | Establishment size coverage: All establishments with at least 10 employees"
Denmark,Total,Ocupaciones elementales,2014,21.68,Currency: DNK - Euro (EUR),"Repository: Eurostat | Economic activity coverage: Excluding agriculture, public administration, and activities of households as employers and of extraterritorial organisations and bodies | Establishment size coverage: All establishments with at least 10 employees"
Denmark,Hombres,Total,2014,30.16,Currency: DNK - Euro (EUR),"Repository: Eurostat | Economic activity coverage: Excluding agriculture, public administration, and activities of households as employers and of extraterritorial organisations and bodies | Establishment size coverage: All establishments with at least 10 employees"
Denmark,Hombres,Directores y gerentes,2014,50.37,Currency: DNK - Euro (EUR),"Repository: Eurostat | Economic activity coverage: Excluding agriculture, public administration, and activities of households as employers and of extraterritorial organisations and bodies | Establishment size coverage: All establishments with at least 10 employees"
Denmark,Hombres,Profesionales científicos e intelectuales,2014,36.59,Currency: DNK - Euro (EUR),"Repository: Eurostat | Economic activity coverage: Excluding agriculture, public administration, and activities of households as employers and of extraterritorial organisations and bodies | Establishment size coverage: All establishments with at least 10 employees"
Denmark,Hombres,Técnicos y profesionales de nivel medio,2014,33.72,Currency: DNK - Euro (EUR),"Repository: Eurostat | Economic activity coverage: Excluding agriculture, public administration, and activities of households as employers and of extraterritorial organisations and bodies | Establishment size coverage: All establishments with at least 10 employees"
Denmark,Hombres,Personal de apoyo administrativo,2014,24.94,Currency: DNK - Euro (EUR),"Repository: Eurostat | Economic activity coverage: Excluding agriculture, public administration, and activities of households as employers and of extraterritorial organisations and bodies | Establishment size coverage: All establishments with at least 10 employees"
Denmark,Hombres,Trabajadores de los servicios y vendedores de comercios y mercados,2014,21.06,Currency: DNK - Euro (EUR),"Repository: Eurostat | Economic activity coverage: Excluding agriculture, public administration, and activities of households as employers and of extraterritorial organisations and bodies | Establishment size coverage: All establishments with at least 10 employees"
Denmark,Hombres,"Agricultores y trabajadores calificados agropecuarios, forestales y pesqueros",2014,23.74,Currency: DNK - Euro (EUR),"Repository: Eurostat | Economic activity coverage: Excluding agriculture, public administration, and activities of households as employers and of extraterritorial organisations and bodies | Establishment size coverage: All establishments with at least 10 employees"
Denmark,Hombres,"Oficiales, operarios y artesanos de artes mecánicas y de otros oficios",2014,27.61,Currency: DNK - Euro (EUR),"Repository: Eurostat | Economic activity coverage: Excluding agriculture, public administration, and activities of households as employers and of extraterritorial organisations and bodies | Establishment size coverage: All establishments with at least 10 employees"
Denmark,Hombres,Operadores de instalaciones y máquinas y ensambladores,2014,26.8,Currency: DNK - Euro (EUR),"Repository: Eurostat | Economic activity coverage: Excluding agriculture, public administration, and activities of households as employers and of extraterritorial organisations and bodies | Establishment size coverage: All establishments with at least 10 employees"
Denmark,Hombres,Ocupaciones elementales,2014,23.06,Currency: DNK - Euro (EUR),"Repository: Eurostat | Economic activity coverage: Excluding agriculture, public administration, and activities of households as employers and of extraterritorial organisations and bodies | Establishment size coverage: All establishments with at least 10 employees"
Denmark,Mujeres,Total,2014,25.35,Currency: DNK - Euro (EUR),"Repository: Eurostat | Economic activity coverage: Excluding agriculture, public administration, and activities of households as employers and of extraterritorial organisations and bodies | Establishment size coverage: All establishments with at least 10 employees"
Denmark,Mujeres,Directores y gerentes,2014,39.34,Currency: DNK - Euro (EUR),"Repository: Eurostat | Economic activity coverage: Excluding agriculture, public administration, and activities of households as employers and of extraterritorial organisations and bodies | Establishment size coverage: All establishments with at least 10 employees"
Denmark,Mujeres,Profesionales científicos e intelectuales,2014,29.72,Currency: DNK - Euro (EUR),"Repository: Eurostat | Economic activity coverage: Excluding agriculture, public administration, and activities of households as employers and of extraterritorial organisations and bodies | Establishment size coverage: All establishments with at least 10 employees"
Denmark,Mujeres,Técnicos y profesionales de nivel medio,2014,27.66,Currency: DNK - Euro (EUR),"Repository: Eurostat | Economic activity coverage: Excluding agriculture, public administration, and activities of households as employers and of extraterritorial organisations and bodies | Establishment size coverage: All establishments with at least 10 employees"
Denmark,Mujeres,Personal de apoyo administrativo,2014,24.54,Currency: DNK - Euro (EUR),"Repository: Eurostat | Economic activity coverage: Excluding agriculture, public administration, and activities of households as employers and of extraterritorial organisations and bodies | Establishment size coverage: All establishments with at least 10 employees"
Denmark,Mujeres,Trabajadores de los servicios y vendedores de comercios y mercados,2014,20.75,Currency: DNK - Euro (EUR),"Repository: Eurostat | Economic activity coverage: Excluding agriculture, public administration, and activities of households as employers and of extraterritorial organisations and bodies | Establishment size coverage: All establishments with at least 10 employees"
Denmark,Mujeres,"Agricultores y trabajadores calificados agropecuarios, forestales y pesqueros",2014,21.85,Currency: DNK - Euro (EUR),"Repository: Eurostat | Economic activity coverage: Excluding agriculture, public administration, and activities of households as employers and of extraterritorial organisations and bodies | Establishment size coverage: All establishments with at least 10 employees"
Denmark,Mujeres,"Oficiales, operarios y artesanos de artes mecánicas y de otros oficios",2014,22.74,Currency: DNK - Euro (EUR),"Repository: Eurostat | Economic activity coverage: Excluding agriculture, public administration, and activities of households as employers and of extraterritorial organisations and bodies | Establishment size coverage: All establishments with at least 10 employees"
Denmark,Mujeres,Operadores de instalaciones y máquinas y ensambladores,2014,24.27,Currency: DNK - Euro (EUR),"Repository: Eurostat | Economic activity coverage: Excluding agriculture, public administration, and activities of households as employers and of extraterritorial organisations and bodies | Establishment size coverage: All establishments with at least 10 employees"
Denmark,Mujeres,Ocupaciones elementales,2014,19.93,Currency: DNK - Euro (EUR),"Repository: Eurostat | Economic activity coverage: Excluding agriculture, public administration, and activities of households as employers and of extraterritorial organisations and bodies | Establishment size coverage: All establishments with at least 10 employees"
Spain,Total,Total,2014,15.0,Job coverage: Main job currently held | Working time arrangement coverage: Full-time and part time workers | Currency: ESP - Euro (EUR),"Economic activity coverage: Excluding agriculture, public administration, and activities of households as employers and of extraterritorial organisations and bodies | Reference group coverage: Employees"
Spain,Total,Directores y gerentes,2014,31.0,Job coverage: Main job currently held | Working time arrangement coverage: Full-time and part time workers | Currency: ESP - Euro (EUR),"Economic activity coverage: Excluding agriculture, public administration, and activities of households as employers and of extraterritorial organisations and bodies | Reference group coverage: Employees"
Spain,Total,Profesionales científicos e intelectuales,2014,22.0,Job coverage: Main job currently held | Working time arrangement coverage: Full-time and part time workers | Currency: ESP - Euro (EUR),"Economic activity coverage: Excluding agriculture, public administration, and activities of households as employers and of extraterritorial organisations and bodies | Reference group coverage: Employees"
Spain,Total,Técnicos y profesionales de nivel medio,2014,17.0,Job coverage: Main job currently held | Working time arrangement coverage: Full-time and part time workers | Currency: ESP - Euro (EUR),"Economic activity coverage: Excluding agriculture, public administration, and activities of households as employers and of extraterritorial organisations and bodies | Reference group coverage: Employees"
Spain,Total,Personal de apoyo administrativo,2014,13.0,Job coverage: Main job currently held | Working time arrangement coverage: Full-time and part time workers | Currency: ESP - Euro (EUR),"Economic activity coverage: Excluding agriculture, public administration, and activities of households as employers and of extraterritorial organisations and bodies | Reference group coverage: Employees"
Spain,Total,Trabajadores de los servicios y vendedores de comercios y mercados,2014,11.0,Job coverage: Main job currently held | Working time arrangement coverage: Full-time and part time workers | Currency: ESP - Euro (EUR),"Economic activity coverage: Excluding agriculture, public administration, and activities of households as employers and of extraterritorial organisations and bodies | Reference group coverage: Employees"
Spain,Total,"Agricultores y trabajadores calificados agropecuarios, forestales y pesqueros",2014,12.0,Job coverage: Main job currently held | Working time arrangement coverage: Full-time and part time workers | Currency: ESP - Euro (EUR),"Economic activity coverage: Excluding agriculture, public administration, and activities of households as employers and of extraterritorial organisations and bodies | Reference group coverage: Employees"
Spain,Total,"Oficiales, operarios y artesanos de artes mecánicas y de otros oficios",2014,13.0,Job coverage: Main job currently held | Working time arrangement coverage: Full-time and part time workers | Currency: ESP - Euro (EUR),"Economic activity coverage: Excluding agriculture, public administration, and activities of households as employers and of extraterritorial organisations and bodies | Reference group coverage: Employees"
Spain,Total,Operadores de instalaciones y máquinas y ensambladores,2014,13.0,Job coverage: Main job currently held | Working time arrangement coverage: Full-time and part time workers | Currency: ESP - Euro (EUR),"Economic activity coverage: Excluding agriculture, public administration, and activities of households as employers and of extraterritorial organisations and bodies | Reference group coverage: Employees"
Spain,Total,Ocupaciones elementales,2014,10.0,Job coverage: Main job currently held | Working time arrangement coverage: Full-time and part time workers | Currency: ESP - Euro (EUR),"Economic activity coverage: Excluding agriculture, public administration, and activities of households as employers and of extraterritorial organisations and bodies | Reference group coverage: Employees"
Spain,Hombres,Total,2014,16.0,Job coverage: Main job currently held | Working time arrangement coverage: Full-time and part time workers | Currency: ESP - Euro (EUR),"Economic activity coverage: Excluding agriculture, public administration, and activities of households as employers and of extraterritorial organisations and bodies | Reference group coverage: Employees"
Spain,Hombres,Directores y gerentes,2014,33.0,Job coverage: Main job currently held | Working time arrangement coverage: Full-time and part time workers | Currency: ESP - Euro (EUR),"Economic activity coverage: Excluding agriculture, public administration, and activities of households as employers and of extraterritorial organisations and bodies | Reference group coverage: Employees"
Spain,Hombres,Profesionales científicos e intelectuales,2014,24.0,Job coverage: Main job currently held | Working time arrangement coverage: Full-time and part time workers | Currency: ESP - Euro (EUR),"Economic activity coverage: Excluding agriculture, public administration, and activities of households as employers and of extraterritorial organisations and bodies | Reference group coverage: Employees"
Spain,Hombres,Técnicos y profesionales de nivel medio,2014,19.0,Job coverage: Main job currently held | Working time arrangement coverage: Full-time and part time workers | Currency: ESP - Euro (EUR),"Economic activity coverage: Excluding agriculture, public administration, and activities of households as employers and of extraterritorial organisations and bodies | Reference group coverage: Employees"
Spain,Hombres,Personal de apoyo administrativo,2014,14.0,Job coverage: Main job currently held | Working time arrangement coverage: Full-time and part time workers | Currency: ESP - Euro (EUR),"Economic activity coverage: Excluding agriculture, public administration, and activities of households as employers and of extraterritorial organisations and bodies | Reference group coverage: Employees"
Spain,Hombres,Trabajadores de los servicios y vendedores de comercios y mercados,2014,13.0,Job coverage: Main job currently held | Working time arrangement coverage: Full-time and part time workers | Currency: ESP - Euro (EUR),"Economic activity coverage: Excluding agriculture, public administration, and activities of households as employers and of extraterritorial organisations and bodies | Reference group coverage: Employees"
Spain,Hombres,"Agricultores y trabajadores calificados agropecuarios, forestales y pesqueros",2014,12.0,Job coverage: Main job currently held | Working time arrangement coverage: Full-time and part time workers | Currency: ESP - Euro (EUR),"Economic activity coverage: Excluding agriculture, public administration, and activities of households as employers and of extraterritorial organisations and bodies | Reference group coverage: Employees"
Spain,Hombres,"Oficiales, operarios y artesanos de artes mecánicas y de otros oficios",2014,13.0,Job coverage: Main job currently held | Working time arrangement coverage: Full-time and part time workers | Currency: ESP - Euro (EUR),"Economic activity coverage: Excluding agriculture, public administration, and activities of households as employers and of extraterritorial organisations and bodies | Reference group coverage: Employees"
Spain,Hombres,Operadores de instalaciones y máquinas y ensambladores,2014,13.0,Job coverage: Main job currently held | Working time arrangement coverage: Full-time and part time workers | Currency: ESP - Euro (EUR),"Economic activity coverage: Excluding agriculture, public administration, and activities of households as employers and of extraterritorial organisations and bodies | Reference group coverage: Employees"
Spain,Hombres,Ocupaciones elementales,2014,10.0,Job coverage: Main job currently held | Working time arrangement coverage: Full-time and part time workers | Currency: ESP - Euro (EUR),"Economic activity coverage: Excluding agriculture, public administration, and activities of households as employers and of extraterritorial organisations and bodies | Reference group coverage: Employees"
Spain,Mujeres,Total,2014,14.0,Job coverage: Main job currently held | Working time arrangement coverage: Full-time and part time workers | Currency: ESP - Euro (EUR),"Economic activity coverage: Excluding agriculture, public administration, and activities of households as employers and of extraterritorial organisations and bodies | Reference group coverage: Employees"
Spain,Mujeres,Directores y gerentes,2014,27.0,Job coverage: Main job currently held | Working time arrangement coverage: Full-time and part time workers | Currency: ESP - Euro (EUR),"Economic activity coverage: Excluding agriculture, public administration, and activities of households as employers and of extraterritorial organisations and bodies | Reference group coverage: Employees"
Spain,Mujeres,Profesionales científicos e intelectuales,2014,20.0,Job coverage: Main job currently held | Working time arrangement coverage: Full-time and part time workers | Currency: ESP - Euro (EUR),"Economic activity coverage: Excluding agriculture, public administration, and activities of households as employers and of extraterritorial organisations and bodies | Reference group coverage: Employees"
Spain,Mujeres,Técnicos y profesionales de nivel medio,2014,16.0,Job coverage: Main job currently held | Working time arrangement coverage: Full-time and part time workers | Currency: ESP - Euro (EUR),"Economic activity coverage: Excluding agriculture, public administration, and activities of households as employers and of extraterritorial organisations and bodies | Reference group coverage: Employees"
Spain,Mujeres,Personal de apoyo administrativo,2014,12.0,Job coverage: Main job currently held | Working time arrangement coverage: Full-time and part time workers | Currency: ESP - Euro (EUR),"Economic activity coverage: Excluding agriculture, public administration, and activities of households as employers and of extraterritorial organisations and bodies | Reference group coverage: Employees"
Spain,Mujeres,Trabajadores de los servicios y vendedores de comercios y mercados,2014,10.0,Job coverage: Main job currently held | Working time arrangement coverage: Full-time and part time workers | Currency: ESP - Euro (EUR),"Economic activity coverage: Excluding agriculture, public administration, and activities of households as employers and of extraterritorial organisations and bodies | Reference group coverage: Employees"
Spain,Mujeres,"Agricultores y trabajadores calificados agropecuarios, forestales y pesqueros",2014,0.0,Job coverage: Main job currently held | Working time arrangement coverage: Full-time and part time workers | Currency: ESP - Euro (EUR),"Economic activity coverage: Excluding agriculture, public administration, and activities of households as employers and of extraterritorial organisations and bodies | Reference group coverage: Employees"
Spain,Mujeres,"Oficiales, operarios y artesanos de artes mecánicas y de otros oficios",2014,10.0,Job coverage: Main job currently held | Working time arrangement coverage: Full-time and part time workers | Currency: ESP - Euro (EUR),"Economic activity coverage: Excluding agriculture, public administration, and activities of households as employers and of extraterritorial organisations and bodies | Reference group coverage: Employees"
Spain,Mujeres,Operadores de instalaciones y máquinas y ensambladores,2014,11.0,Job coverage: Main job currently held | Working time arrangement coverage: Full-time and part time workers | Currency: ESP - Euro (EUR),"Economic activity coverage: Excluding agriculture, public administration, and activities of households as employers and of extraterritorial organisations and bodies | Reference group coverage: Employees"
Spain,Mujeres,Ocupaciones elementales,2014,9.0,Job coverage: Main job currently held | Working time arrangement coverage: Full-time and part time workers | Currency: ESP - Euro (EUR),"Economic activity coverage: Excluding agriculture, public administration, and activities of households as employers and of extraterritorial organisations and bodies | Reference group coverage: Employees"
Estonia,Total,Total,2014,5.78,Currency: EST - Euro (EUR),"Repository: Eurostat | Data reference period: October | Economic activity coverage: Excluding agriculture, public administration, and activities of households as employers and of extraterritorial organisations and bodies | Establishment size coverage: All establishments with at least 10 employees"
Estonia,Total,Directores y gerentes,2014,10.6,Currency: EST - Euro (EUR),"Repository: Eurostat | Data reference period: October | Economic activity coverage: Excluding agriculture, public administration, and activities of households as employers and of extraterritorial organisations and bodies | Establishment size coverage: All establishments with at least 10 employees"
Estonia,Total,Profesionales científicos e intelectuales,2014,7.48,Currency: EST - Euro (EUR),"Repository: Eurostat | Data reference period: October | Economic activity coverage: Excluding agriculture, public administration, and activities of households as employers and of extraterritorial organisations and bodies | Establishment size coverage: All establishments with at least 10 employees"
Estonia,Total,Técnicos y profesionales de nivel medio,2014,6.63,Currency: EST - Euro (EUR),"Repository: Eurostat | Data reference period: October | Economic activity coverage: Excluding agriculture, public administration, and activities of households as employers and of extraterritorial organisations and bodies | Establishment size coverage: All establishments with at least 10 employees"
Estonia,Total,Personal de apoyo administrativo,2014,4.88,Currency: EST - Euro (EUR),"Repository: Eurostat | Data reference period: October | Economic activity coverage: Excluding agriculture, public administration, and activities of households as employers and of extraterritorial organisations and bodies | Establishment size coverage: All establishments with at least 10 employees"
Estonia,Total,Trabajadores de los servicios y vendedores de comercios y mercados,2014,3.57,Currency: EST - Euro (EUR),"Repository: Eurostat | Data reference period: October | Economic activity coverage: Excluding agriculture, public administration, and activities of households as employers and of extraterritorial organisations and bodies | Establishment size coverage: All establishments with at least 10 employees"
Estonia,Total,"Agricultores y trabajadores calificados agropecuarios, forestales y pesqueros",2014,4.29,Currency: EST - Euro (EUR),"Repository: Eurostat | Data reference period: October | Economic activity coverage: Excluding agriculture, public administration, and activities of households as employers and of extraterritorial organisations and bodies | Establishment size coverage: All establishments with at least 10 employees"
Estonia,Total,"Oficiales, operarios y artesanos de artes mecánicas y de otros oficios",2014,5.62,Currency: EST - Euro (EUR),"Repository: Eurostat | Data reference period: October | Economic activity coverage: Excluding agriculture, public administration, and activities of households as employers and of extraterritorial organisations and bodies | Establishment size coverage: All establishments with at least 10 employees"
Estonia,Total,Operadores de instalaciones y máquinas y ensambladores,2014,5.06,Currency: EST - Euro (EUR),"Repository: Eurostat | Data reference period: October | Economic activity coverage: Excluding agriculture, public administration, and activities of households as employers and of extraterritorial organisations and bodies | Establishment size coverage: All establishments with at least 10 employees"
Estonia,Total,Ocupaciones elementales,2014,3.46,Currency: EST - Euro (EUR),"Repository: Eurostat | Data reference period: October | Economic activity coverage: Excluding agriculture, public administration, and activities of households as employers and of extraterritorial organisations and bodies | Establishment size coverage: All establishments with at least 10 employees"
Estonia,Hombres,Total,2014,6.89,Currency: EST - Euro (EUR),"Repository: Eurostat | Data reference period: October | Economic activity coverage: Excluding agriculture, public administration, and activities of households as employers and of extraterritorial organisations and bodies | Establishment size coverage: All establishments with at least 10 employees"
Estonia,Hombres,Directores y gerentes,2014,11.86,Currency: EST - Euro (EUR),"Repository: Eurostat | Data reference period: October | Economic activity coverage: Excluding agriculture, public administration, and activities of households as employers and of extraterritorial organisations and bodies | Establishment size coverage: All establishments with at least 10 employees"
Estonia,Hombres,Profesionales científicos e intelectuales,2014,9.4,Currency: EST - Euro (EUR),"Repository: Eurostat | Data reference period: October | Economic activity coverage: Excluding agriculture, public administration, and activities of households as employers and of extraterritorial organisations and bodies | Establishment size coverage: All establishments with at least 10 employees"
Estonia,Hombres,Técnicos y profesionales de nivel medio,2014,7.91,Currency: EST - Euro (EUR),"Repository: Eurostat | Data reference period: October | Economic activity coverage: Excluding agriculture, public administration, and activities of households as employers and of extraterritorial organisations and bodies | Establishment size coverage: All establishments with at least 10 employees"
Estonia,Hombres,Personal de apoyo administrativo,2014,5.7,Currency: EST - Euro (EUR),"Repository: Eurostat | Data reference period: October | Economic activity coverage: Excluding agriculture, public administration, and activities of households as employers and of extraterritorial organisations and bodies | Establishment size coverage: All establishments with at least 10 employees"
Estonia,Hombres,Trabajadores de los servicios y vendedores de comercios y mercados,2014,4.09,Currency: EST - Euro (EUR),"Repository: Eurostat | Data reference period: October | Economic activity coverage: Excluding agriculture, public administration, and activities of households as employers and of extraterritorial organisations and bodies | Establishment size coverage: All establishments with at least 10 employees"
Estonia,Hombres,"Agricultores y trabajadores calificados agropecuarios, forestales y pesqueros",2014,5.19,Currency: EST - Euro (EUR),"Repository: Eurostat | Data reference period: October | Economic activity coverage: Excluding agriculture, public administration, and activities of households as employers and of extraterritorial organisations and bodies | Establishment size coverage: All establishments with at least 10 employees"
Estonia,Hombres,"Oficiales, operarios y artesanos de artes mecánicas y de otros oficios",2014,6.1,Currency: EST - Euro (EUR),"Repository: Eurostat | Data reference period: October | Economic activity coverage: Excluding agriculture, public administration, and activities of households as employers and of extraterritorial organisations and bodies | Establishment size coverage: All establishments with at least 10 employees"
Estonia,Hombres,Operadores de instalaciones y máquinas y ensambladores,2014,5.52,Currency: EST - Euro (EUR),"Repository: Eurostat | Data reference period: October | Economic activity coverage: Excluding agriculture, public administration, and activities of households as employers and of extraterritorial organisations and bodies | Establishment size coverage: All establishments with at least 10 employees"
Estonia,Hombres,Ocupaciones elementales,2014,4.17,Currency: EST - Euro (EUR),"Repository: Eurostat | Data reference period: October | Economic activity coverage: Excluding agriculture, public administration, and activities of households as employers and of extraterritorial organisations and bodies | Establishment size coverage: All establishments with at least 10 employees"
Estonia,Mujeres,Total,2014,4.95,Currency: EST - Euro (EUR),"Repository: Eurostat | Data reference period: October | Economic activity coverage: Excluding agriculture, public administration, and activities of households as employers and of extraterritorial organisations and bodies | Establishment size coverage: All establishments with at least 10 employees"
Estonia,Mujeres,Directores y gerentes,2014,8.82,Currency: EST - Euro (EUR),"Repository: Eurostat | Data reference period: October | Economic activity coverage: Excluding agriculture, public administration, and activities of households as employers and of extraterritorial organisations and bodies | Establishment size coverage: All establishments with at least 10 employees"
Estonia,Mujeres,Profesionales científicos e intelectuales,2014,6.68,Currency: EST - Euro (EUR),"Repository: Eurostat | Data reference period: October | Economic activity coverage: Excluding agriculture, public administration, and activities of households as employers and of extraterritorial organisations and bodies | Establishment size coverage: All establishments with at least 10 employees"
Estonia,Mujeres,Técnicos y profesionales de nivel medio,2014,5.69,Currency: EST - Euro (EUR),"Repository: Eurostat | Data reference period: October | Economic activity coverage: Excluding agriculture, public administration, and activities of households as employers and of extraterritorial organisations and bodies | Establishment size coverage: All establishments with at least 10 employees"
Estonia,Mujeres,Personal de apoyo administrativo,2014,4.62,Currency: EST - Euro (EUR),"Repository: Eurostat | Data reference period: October | Economic activity coverage: Excluding agriculture, public administration, and activities of households as employers and of extraterritorial organisations and bodies | Establishment size coverage: All establishments with at least 10 employees"
Estonia,Mujeres,Trabajadores de los servicios y vendedores de comercios y mercados,2014,3.44,Currency: EST - Euro (EUR),"Repository: Eurostat | Data reference period: October | Economic activity coverage: Excluding agriculture, public administration, and activities of households as employers and of extraterritorial organisations and bodies | Establishment size coverage: All establishments with at least 10 employees"
Estonia,Mujeres,"Agricultores y trabajadores calificados agropecuarios, forestales y pesqueros",2014,3.64,Currency: EST - Euro (EUR),"Repository: Eurostat | Data reference period: October | Economic activity coverage: Excluding agriculture, public administration, and activities of households as employers and of extraterritorial organisations and bodies | Establishment size coverage: All establishments with at least 10 employees"
Estonia,Mujeres,"Oficiales, operarios y artesanos de artes mecánicas y de otros oficios",2014,4.0,Currency: EST - Euro (EUR),"Repository: Eurostat | Data reference period: October | Economic activity coverage: Excluding agriculture, public administration, and activities of households as employers and of extraterritorial organisations and bodies | Establishment size coverage: All establishments with at least 10 employees"
Estonia,Mujeres,Operadores de instalaciones y máquinas y ensambladores,2014,4.1,Currency: EST - Euro (EUR),"Repository: Eurostat | Data reference period: October | Economic activity coverage: Excluding agriculture, public administration, and activities of households as employers and of extraterritorial organisations and bodies | Establishment size coverage: All establishments with at least 10 employees"
Estonia,Mujeres,Ocupaciones elementales,2014,3.05,Currency: EST - Euro (EUR),"Repository: Eurostat | Data reference period: October | Economic activity coverage: Excluding agriculture, public administration, and activities of households as employers and of extraterritorial organisations and bodies | Establishment size coverage: All establishments with at least 10 employees"
Finland,Total,Total,2014,19.44,Job coverage: Main job currently held | Working time arrangement coverage: Full-time and part time workers | Currency: FIN - Euro (EUR),Data reference period: Fourth quarter | Economic activity coverage: Excluding agriculture | Establishment size coverage: All establishments with at least 5 employees
Finland,Total,Directores y gerentes,2014,37.4,Job coverage: Main job currently held | Working time arrangement coverage: Full-time and part time workers | Currency: FIN - Euro (EUR),Data reference period: Fourth quarter | Economic activity coverage: Excluding agriculture | Establishment size coverage: All establishments with at least 5 employees
Finland,Total,Profesionales científicos e intelectuales,2014,26.05,Job coverage: Main job currently held | Working time arrangement coverage: Full-time and part time workers | Currency: FIN - Euro (EUR),Data reference period: Fourth quarter | Economic activity coverage: Excluding agriculture | Establishment size coverage: All establishments with at least 5 employees
Finland,Total,Técnicos y profesionales de nivel medio,2014,20.11,Job coverage: Main job currently held | Working time arrangement coverage: Full-time and part time workers | Currency: FIN - Euro (EUR),Data reference period: Fourth quarter | Economic activity coverage: Excluding agriculture | Establishment size coverage: All establishments with at least 5 employees
Finland,Total,Personal de apoyo administrativo,2014,16.18,Job coverage: Main job currently held | Working time arrangement coverage: Full-time and part time workers | Currency: FIN - Euro (EUR),Data reference period: Fourth quarter | Economic activity coverage: Excluding agriculture | Establishment size coverage: All establishments with at least 5 employees
Finland,Total,Trabajadores de los servicios y vendedores de comercios y mercados,2014,14.65,Job coverage: Main job currently held | Working time arrangement coverage: Full-time and part time workers | Currency: FIN - Euro (EUR),Data reference period: Fourth quarter | Economic activity coverage: Excluding agriculture | Establishment size coverage: All establishments with at least 5 employees
Finland,Total,"Agricultores y trabajadores calificados agropecuarios, forestales y pesqueros",2014,14.17,Job coverage: Main job currently held | Working time arrangement coverage: Full-time and part time workers | Currency: FIN - Euro (EUR),Data reference period: Fourth quarter | Economic activity coverage: Excluding agriculture | Establishment size coverage: All establishments with at least 5 employees
Finland,Total,"Oficiales, operarios y artesanos de artes mecánicas y de otros oficios",2014,17.63,Job coverage: Main job currently held | Working time arrangement coverage: Full-time and part time workers | Currency: FIN - Euro (EUR),Data reference period: Fourth quarter | Economic activity coverage: Excluding agriculture | Establishment size coverage: All establishments with at least 5 employees
Finland,Total,Operadores de instalaciones y máquinas y ensambladores,2014,17.93,Job coverage: Main job currently held | Working time arrangement coverage: Full-time and part time workers | Currency: FIN - Euro (EUR),Data reference period: Fourth quarter | Economic activity coverage: Excluding agriculture | Establishment size coverage: All establishments with at least 5 employees
Finland,Total,Ocupaciones elementales,2014,13.2,Job coverage: Main job currently held | Working time arrangement coverage: Full-time and part time workers | Currency: FIN - Euro (EUR),Data reference period: Fourth quarter | Economic activity coverage: Excluding agriculture | Establishment size coverage: All establishments with at least 5 employees
Finland,Total,Ocupaciones militares,2014,25.97,Job coverage: Main job currently held | Working time arrangement coverage: Full-time and part time workers | Currency: FIN - Euro (EUR),Data reference period: Fourth quarter | Economic activity coverage: Excluding agriculture | Establishment size coverage: All establishments with at least 5 employees
Finland,Total,No clasificado,2014,17.49,Job coverage: Main job currently held | Working time arrangement coverage: Full-time and part time workers | Currency: FIN - Euro (EUR),Data reference period: Fourth quarter | Economic activity coverage: Excluding agriculture | Establishment size coverage: All establishments with at least 5 employees
Finland,Hombres,Total,2014,21.38,Job coverage: Main job currently held | Working time arrangement coverage: Full-time and part time workers | Currency: FIN - Euro (EUR),Data reference period: Fourth quarter | Economic activity coverage: Excluding agriculture | Establishment size coverage: All establishments with at least 5 employees
Finland,Hombres,Directores y gerentes,2014,40.23,Job coverage: Main job currently held | Working time arrangement coverage: Full-time and part time workers | Currency: FIN - Euro (EUR),Data reference period: Fourth quarter | Economic activity coverage: Excluding agriculture | Establishment size coverage: All establishments with at least 5 employees
Finland,Hombres,Profesionales científicos e intelectuales,2014,28.58,Job coverage: Main job currently held | Working time arrangement coverage: Full-time and part time workers | Currency: FIN - Euro (EUR),Data reference period: Fourth quarter | Economic activity coverage: Excluding agriculture | Establishment size coverage: All establishments with at least 5 employees
Finland,Hombres,Técnicos y profesionales de nivel medio,2014,22.37,Job coverage: Main job currently held | Working time arrangement coverage: Full-time and part time workers | Currency: FIN - Euro (EUR),Data reference period: Fourth quarter | Economic activity coverage: Excluding agriculture | Establishment size coverage: All establishments with at least 5 employees
Finland,Hombres,Personal de apoyo administrativo,2014,16.39,Job coverage: Main job currently held | Working time arrangement coverage: Full-time and part time workers | Currency: FIN - Euro (EUR),Data reference period: Fourth quarter | Economic activity coverage: Excluding agriculture | Establishment size coverage: All establishments with at least 5 employees
Finland,Hombres,Trabajadores de los servicios y vendedores de comercios y mercados,2014,15.65,Job coverage: Main job currently held | Working time arrangement coverage: Full-time and part time workers | Currency: FIN - Euro (EUR),Data reference period: Fourth quarter | Economic activity coverage: Excluding agriculture | Establishment size coverage: All establishments with at least 5 employees
Finland,Hombres,"Agricultores y trabajadores calificados agropecuarios, forestales y pesqueros",2014,14.32,Job coverage: Main job currently held | Working time arrangement coverage: Full-time and part time workers | Currency: FIN - Euro (EUR),Data reference period: Fourth quarter | Economic activity coverage: Excluding agriculture | Establishment size coverage: All establishments with at least 5 employees
Finland,Hombres,"Oficiales, operarios y artesanos de artes mecánicas y de otros oficios",2014,17.81,Job coverage: Main job currently held | Working time arrangement coverage: Full-time and part time workers | Currency: FIN - Euro (EUR),Data reference period: Fourth quarter | Economic activity coverage: Excluding agriculture | Establishment size coverage: All establishments with at least 5 employees
Finland,Hombres,Operadores de instalaciones y máquinas y ensambladores,2014,18.39,Job coverage: Main job currently held | Working time arrangement coverage: Full-time and part time workers | Currency: FIN - Euro (EUR),Data reference period: Fourth quarter | Economic activity coverage: Excluding agriculture | Establishment size coverage: All establishments with at least 5 employees
Finland,Hombres,Ocupaciones elementales,2014,14.62,Job coverage: Main job currently held | Working time arrangement coverage: Full-time and part time workers | Currency: FIN - Euro (EUR),Data reference period: Fourth quarter | Economic activity coverage: Excluding agriculture | Establishment size coverage: All establishments with at least 5 employees
Finland,Hombres,Ocupaciones militares,2014,26.12,Job coverage: Main job currently held | Working time arrangement coverage: Full-time and part time workers | Currency: FIN - Euro (EUR),Data reference period: Fourth quarter | Economic activity coverage: Excluding agriculture | Establishment size coverage: All establishments with at least 5 employees
Finland,Hombres,No clasificado,2014,18.08,Job coverage: Main job currently held | Working time arrangement coverage: Full-time and part time workers | Currency: FIN - Euro (EUR),Data reference period: Fourth quarter | Economic activity coverage: Excluding agriculture | Establishment size coverage: All establishments with at least 5 employees
Finland,Mujeres,Total,2014,17.76,Job coverage: Main job currently held | Working time arrangement coverage: Full-time and part time workers | Currency: FIN - Euro (EUR),Data reference period: Fourth quarter | Economic activity coverage: Excluding agriculture | Establishment size coverage: All establishments with at least 5 employees
Finland,Mujeres,Directores y gerentes,2014,32.69,Job coverage: Main job currently held | Working time arrangement coverage: Full-time and part time workers | Currency: FIN - Euro (EUR),Data reference period: Fourth quarter | Economic activity coverage: Excluding agriculture | Establishment size coverage: All establishments with at least 5 employees
Finland,Mujeres,Profesionales científicos e intelectuales,2014,23.96,Job coverage: Main job currently held | Working time arrangement coverage: Full-time and part time workers | Currency: FIN - Euro (EUR),Data reference period: Fourth quarter | Economic activity coverage: Excluding agriculture | Establishment size coverage: All establishments with at least 5 employees
Finland,Mujeres,Técnicos y profesionales de nivel medio,2014,18.48,Job coverage: Main job currently held | Working time arrangement coverage: Full-time and part time workers | Currency: FIN - Euro (EUR),Data reference period: Fourth quarter | Economic activity coverage: Excluding agriculture | Establishment size coverage: All establishments with at least 5 employees
Finland,Mujeres,Personal de apoyo administrativo,2014,16.1,Job coverage: Main job currently held | Working time arrangement coverage: Full-time and part time workers | Currency: FIN - Euro (EUR),Data reference period: Fourth quarter | Economic activity coverage: Excluding agriculture | Establishment size coverage: All establishments with at least 5 employees
Finland,Mujeres,Trabajadores de los servicios y vendedores de comercios y mercados,2014,14.3,Job coverage: Main job currently held | Working time arrangement coverage: Full-time and part time workers | Currency: FIN - Euro (EUR),Data reference period: Fourth quarter | Economic activity coverage: Excluding agriculture | Establishment size coverage: All establishments with at least 5 employees
Finland,Mujeres,"Agricultores y trabajadores calificados agropecuarios, forestales y pesqueros",2014,14.0,Job coverage: Main job currently held | Working time arrangement coverage: Full-time and part time workers | Currency: FIN - Euro (EUR),Data reference period: Fourth quarter | Economic activity coverage: Excluding agriculture | Establishment size coverage: All establishments with at least 5 employees
Finland,Mujeres,"Oficiales, operarios y artesanos de artes mecánicas y de otros oficios",2014,15.53,Job coverage: Main job currently held | Working time arrangement coverage: Full-time and part time workers | Currency: FIN - Euro (EUR),Data reference period: Fourth quarter | Economic activity coverage: Excluding agriculture | Establishment size coverage: All establishments with at least 5 employees
Finland,Mujeres,Operadores de instalaciones y máquinas y ensambladores,2014,15.86,Job coverage: Main job currently held | Working time arrangement coverage: Full-time and part time workers | Currency: FIN - Euro (EUR),Data reference period: Fourth quarter | Economic activity coverage: Excluding agriculture | Establishment size coverage: All establishments with at least 5 employees
Finland,Mujeres,Ocupaciones elementales,2014,12.23,Job coverage: Main job currently held | Working time arrangement coverage: Full-time and part time workers | Currency: FIN - Euro (EUR),Data reference period: Fourth quarter | Economic activity coverage: Excluding agriculture | Establishment size coverage: All establishments with at least 5 employees
Finland,Mujeres,Ocupaciones militares,2014,23.41,Job coverage: Main job currently held | Working time arrangement coverage: Full-time and part time workers | Currency: FIN - Euro (EUR),Data reference period: Fourth quarter | Economic activity coverage: Excluding agriculture | Establishment size coverage: All establishments with at least 5 employees
Finland,Mujeres,No clasificado,2014,15.79,Job coverage: Main job currently held | Working time arrangement coverage: Full-time and part time workers | Currency: FIN - Euro (EUR),Data reference period: Fourth quarter | Economic activity coverage: Excluding agriculture | Establishment size coverage: All establishments with at least 5 employees
France,Total,Total,2014,13.11,Currency: FRA - Euro (EUR),Repository: ILO-STATISTICS - Micro data processing
France,Total,Directores y gerentes,2014,21.1,Currency: FRA - Euro (EUR),Repository: ILO-STATISTICS - Micro data processing
France,Total,Profesionales científicos e intelectuales,2014,17.6,Currency: FRA - Euro (EUR),Repository: ILO-STATISTICS - Micro data processing
France,Total,Técnicos y profesionales de nivel medio,2014,13.77,Currency: FRA - Euro (EUR),Repository: ILO-STATISTICS - Micro data processing
France,Total,Personal de apoyo administrativo,2014,11.76,Currency: FRA - Euro (EUR),Repository: ILO-STATISTICS - Micro data processing
France,Total,Trabajadores de los servicios y vendedores de comercios y mercados,2014,10.07,Currency: FRA - Euro (EUR),Repository: ILO-STATISTICS - Micro data processing
France,Total,"Agricultores y trabajadores calificados agropecuarios, forestales y pesqueros",2014,9.05,Currency: FRA - Euro (EUR),Repository: ILO-STATISTICS - Micro data processing
France,Total,"Oficiales, operarios y artesanos de artes mecánicas y de otros oficios",2014,10.97,Currency: FRA - Euro (EUR),Repository: ILO-STATISTICS - Micro data processing
France,Total,Operadores de instalaciones y máquinas y ensambladores,2014,11.1,Currency: FRA - Euro (EUR),Repository: ILO-STATISTICS - Micro data processing
France,Total,Ocupaciones elementales,2014,9.74,Currency: FRA - Euro (EUR),Repository: ILO-STATISTICS - Micro data processing
France,Total,Ocupaciones militares,2014,13.01,Currency: FRA - Euro (EUR),Repository: ILO-STATISTICS - Micro data processing
France,Total,No clasificado,2014,13.68,Currency: FRA - Euro (EUR),Repository: ILO-STATISTICS - Micro data processing
France,Hombres,Total,2014,13.9,Currency: FRA - Euro (EUR),Repository: ILO-STATISTICS - Micro data processing
France,Hombres,Directores y gerentes,2014,22.02,Currency: FRA - Euro (EUR),Repository: ILO-STATISTICS - Micro data processing
France,Hombres,Profesionales científicos e intelectuales,2014,18.35,Currency: FRA - Euro (EUR),Repository: ILO-STATISTICS - Micro data processing
France,Hombres,Técnicos y profesionales de nivel medio,2014,14.45,Currency: FRA - Euro (EUR),Repository: ILO-STATISTICS - Micro data processing
France,Hombres,Personal de apoyo administrativo,2014,12.12,Currency: FRA - Euro (EUR),Repository: ILO-STATISTICS - Micro data processing
France,Hombres,Trabajadores de los servicios y vendedores de comercios y mercados,2014,10.91,Currency: FRA - Euro (EUR),Repository: ILO-STATISTICS - Micro data processing
France,Hombres,"Agricultores y trabajadores calificados agropecuarios, forestales y pesqueros",2014,9.09,Currency: FRA - Euro (EUR),Repository: ILO-STATISTICS - Micro data processing
France,Hombres,"Oficiales, operarios y artesanos de artes mecánicas y de otros oficios",2014,11.08,Currency: FRA - Euro (EUR),Repository: ILO-STATISTICS - Micro data processing
France,Hombres,Operadores de instalaciones y máquinas y ensambladores,2014,11.41,Currency: FRA - Euro (EUR),Repository: ILO-STATISTICS - Micro data processing
France,Hombres,Ocupaciones elementales,2014,10.01,Currency: FRA - Euro (EUR),Repository: ILO-STATISTICS - Micro data processing
France,Hombres,Ocupaciones militares,2014,13.41,Currency: FRA - Euro (EUR),Repository: ILO-STATISTICS - Micro data processing
France,Hombres,No clasificado,2014,14.54,Currency: FRA - Euro (EUR),Repository: ILO-STATISTICS - Micro data processing
France,Mujeres,Total,2014,12.28,Currency: FRA - Euro (EUR),Repository: ILO-STATISTICS - Micro data processing
France,Mujeres,Directores y gerentes,2014,19.26,Currency: FRA - Euro (EUR),Repository: ILO-STATISTICS - Micro data processing
France,Mujeres,Profesionales científicos e intelectuales,2014,16.83,Currency: FRA - Euro (EUR),Repository: ILO-STATISTICS - Micro data processing
France,Mujeres,Técnicos y profesionales de nivel medio,2014,13.04,Currency: FRA - Euro (EUR),Repository: ILO-STATISTICS - Micro data processing
France,Mujeres,Personal de apoyo administrativo,2014,11.64,Currency: FRA - Euro (EUR),Repository: ILO-STATISTICS - Micro data processing
France,Mujeres,Trabajadores de los servicios y vendedores de comercios y mercados,2014,9.68,Currency: FRA - Euro (EUR),Repository: ILO-STATISTICS - Micro data processing
France,Mujeres,"Agricultores y trabajadores calificados agropecuarios, forestales y pesqueros",2014,8.9,Currency: FRA - Euro (EUR),Repository: ILO-STATISTICS - Micro data processing
France,Mujeres,"Oficiales, operarios y artesanos de artes mecánicas y de otros oficios",2014,9.76,Currency: FRA - Euro (EUR),Repository: ILO-STATISTICS - Micro data processing
France,Mujeres,Operadores de instalaciones y máquinas y ensambladores,2014,9.85,Currency: FRA - Euro (EUR),Repository: ILO-STATISTICS - Micro data processing
France,Mujeres,Ocupaciones elementales,2014,9.6,Currency: FRA - Euro (EUR),Repository: ILO-STATISTICS - Micro data processing
France,Mujeres,Ocupaciones militares,2014,10.42,Currency: FRA - Euro (EUR),Repository: ILO-STATISTICS - Micro data processing
France,Mujeres,No clasificado,2014,12.57,Currency: FRA - Euro (EUR),Repository: ILO-STATISTICS - Micro data processing
United Kingdom,Total,Total,2014,14.12,Currency: GBR - Euro (EUR),Repository: ILO-STATISTICS - Micro data processing
United Kingdom,Total,Directores y gerentes,2014,20.6,Currency: GBR - Euro (EUR),Repository: ILO-STATISTICS - Micro data processing
United Kingdom,Total,Profesionales científicos e intelectuales,2014,19.57,Currency: GBR - Euro (EUR),Repository: ILO-STATISTICS - Micro data processing
United Kingdom,Total,Técnicos y profesionales de nivel medio,2014,14.5,Currency: GBR - Euro (EUR),Repository: ILO-STATISTICS - Micro data processing
United Kingdom,Total,Personal de apoyo administrativo,2014,11.24,Currency: GBR - Euro (EUR),Repository: ILO-STATISTICS - Micro data processing
United Kingdom,Total,Trabajadores de los servicios y vendedores de comercios y mercados,2014,8.88,Currency: GBR - Euro (EUR),Repository: ILO-STATISTICS - Micro data processing
United Kingdom,Total,"Agricultores y trabajadores calificados agropecuarios, forestales y pesqueros",2014,9.41,Currency: GBR - Euro (EUR),Repository: ILO-STATISTICS - Micro data processing
United Kingdom,Total,"Oficiales, operarios y artesanos de artes mecánicas y de otros oficios",2014,12.4,Currency: GBR - Euro (EUR),Repository: ILO-STATISTICS - Micro data processing
United Kingdom,Total,Operadores de instalaciones y máquinas y ensambladores,2014,10.64,Currency: GBR - Euro (EUR),Repository: ILO-STATISTICS - Micro data processing
United Kingdom,Total,Ocupaciones elementales,2014,8.15,Currency: GBR - Euro (EUR),Repository: ILO-STATISTICS - Micro data processing
United Kingdom,Total,Ocupaciones militares,2014,18.87,Currency: GBR - Euro (EUR),Repository: ILO-STATISTICS - Micro data processing
United Kingdom,Total,No clasificado,2014,13.06,Currency: GBR - Euro (EUR),Repository: ILO-STATISTICS - Micro data processing
United Kingdom,Hombres,Total,2014,15.43,Currency: GBR - Euro (EUR),Repository: ILO-STATISTICS - Micro data processing
United Kingdom,Hombres,Directores y gerentes,2014,21.61,Currency: GBR - Euro (EUR),Repository: ILO-STATISTICS - Micro data processing
United Kingdom,Hombres,Profesionales científicos e intelectuales,2014,20.92,Currency: GBR - Euro (EUR),Repository: ILO-STATISTICS - Micro data processing
United Kingdom,Hombres,Técnicos y profesionales de nivel medio,2014,15.74,Currency: GBR - Euro (EUR),Repository: ILO-STATISTICS - Micro data processing
United Kingdom,Hombres,Personal de apoyo administrativo,2014,11.7,Currency: GBR - Euro (EUR),Repository: ILO-STATISTICS - Micro data processing
United Kingdom,Hombres,Trabajadores de los servicios y vendedores de comercios y mercados,2014,10.15,Currency: GBR - Euro (EUR),Repository: ILO-STATISTICS - Micro data processing
United Kingdom,Hombres,"Agricultores y trabajadores calificados agropecuarios, forestales y pesqueros",2014,9.44,Currency: GBR - Euro (EUR),Repository: ILO-STATISTICS - Micro data processing
United Kingdom,Hombres,"Oficiales, operarios y artesanos de artes mecánicas y de otros oficios",2014,12.58,Currency: GBR - Euro (EUR),Repository: ILO-STATISTICS - Micro data processing
United Kingdom,Hombres,Operadores de instalaciones y máquinas y ensambladores,2014,10.8,Currency: GBR - Euro (EUR),Repository: ILO-STATISTICS - Micro data processing
United Kingdom,Hombres,Ocupaciones elementales,2014,8.85,Currency: GBR - Euro (EUR),Repository: ILO-STATISTICS - Micro data processing
United Kingdom,Hombres,Ocupaciones militares,2014,18.65,Currency: GBR - Euro (EUR),Repository: ILO-STATISTICS - Micro data processing
United Kingdom,Hombres,No clasificado,2014,14.23,Currency: GBR - Euro (EUR),Repository: ILO-STATISTICS - Micro data processing
United Kingdom,Mujeres,Total,2014,12.74,Currency: GBR - Euro (EUR),Repository: ILO-STATISTICS - Micro data processing
United Kingdom,Mujeres,Directores y gerentes,2014,18.83,Currency: GBR - Euro (EUR),Repository: ILO-STATISTICS - Micro data processing
United Kingdom,Mujeres,Profesionales científicos e intelectuales,2014,18.14,Currency: GBR - Euro (EUR),Repository: ILO-STATISTICS - Micro data processing
United Kingdom,Mujeres,Técnicos y profesionales de nivel medio,2014,13.38,Currency: GBR - Euro (EUR),Repository: ILO-STATISTICS - Micro data processing
United Kingdom,Mujeres,Personal de apoyo administrativo,2014,11.02,Currency: GBR - Euro (EUR),Repository: ILO-STATISTICS - Micro data processing
United Kingdom,Mujeres,Trabajadores de los servicios y vendedores de comercios y mercados,2014,8.32,Currency: GBR - Euro (EUR),Repository: ILO-STATISTICS - Micro data processing
United Kingdom,Mujeres,"Agricultores y trabajadores calificados agropecuarios, forestales y pesqueros",2014,9.01,Currency: GBR - Euro (EUR),Repository: ILO-STATISTICS - Micro data processing
United Kingdom,Mujeres,"Oficiales, operarios y artesanos de artes mecánicas y de otros oficios",2014,9.78,Currency: GBR - Euro (EUR),Repository: ILO-STATISTICS - Micro data processing
United Kingdom,Mujeres,Operadores de instalaciones y máquinas y ensambladores,2014,9.51,Currency: GBR - Euro (EUR),Repository: ILO-STATISTICS - Micro data processing
United Kingdom,Mujeres,Ocupaciones elementales,2014,7.25,Currency: GBR - Euro (EUR),Repository: ILO-STATISTICS - Micro data processing
United Kingdom,Mujeres,Ocupaciones militares,2014,22.51,Currency: GBR - Euro (EUR),Repository: ILO-STATISTICS - Micro data processing
United Kingdom,Mujeres,No clasificado,2014,9.98,Currency: GBR - Euro (EUR),Repository: ILO-STATISTICS - Micro data processing
Greece,Total,Total,2014,9.48,Currency: GRC - Euro (EUR),"Repository: Eurostat | Data reference period: October | Economic activity coverage: Excluding agriculture, public administration, and activities of households as employers and of extraterritorial organisations and bodies | Establishment size coverage: All establishments with at least 10 employees"
Greece,Total,Directores y gerentes,2014,18.8,Currency: GRC - Euro (EUR),"Repository: Eurostat | Data reference period: October | Economic activity coverage: Excluding agriculture, public administration, and activities of households as employers and of extraterritorial organisations and bodies | Establishment size coverage: All establishments with at least 10 employees"
Greece,Total,Profesionales científicos e intelectuales,2014,12.89,Currency: GRC - Euro (EUR),"Repository: Eurostat | Data reference period: October | Economic activity coverage: Excluding agriculture, public administration, and activities of households as employers and of extraterritorial organisations and bodies | Establishment size coverage: All establishments with at least 10 employees"
Greece,Total,Técnicos y profesionales de nivel medio,2014,10.45,Currency: GRC - Euro (EUR),"Repository: Eurostat | Data reference period: October | Economic activity coverage: Excluding agriculture, public administration, and activities of households as employers and of extraterritorial organisations and bodies | Establishment size coverage: All establishments with at least 10 employees"
Greece,Total,Personal de apoyo administrativo,2014,8.43,Currency: GRC - Euro (EUR),"Repository: Eurostat | Data reference period: October | Economic activity coverage: Excluding agriculture, public administration, and activities of households as employers and of extraterritorial organisations and bodies | Establishment size coverage: All establishments with at least 10 employees"
Greece,Total,Trabajadores de los servicios y vendedores de comercios y mercados,2014,6.52,Currency: GRC - Euro (EUR),"Repository: Eurostat | Data reference period: October | Economic activity coverage: Excluding agriculture, public administration, and activities of households as employers and of extraterritorial organisations and bodies | Establishment size coverage: All establishments with at least 10 employees"
Greece,Total,"Agricultores y trabajadores calificados agropecuarios, forestales y pesqueros",2014,6.72,Currency: GRC - Euro (EUR),"Repository: Eurostat | Data reference period: October | Economic activity coverage: Excluding agriculture, public administration, and activities of households as employers and of extraterritorial organisations and bodies | Establishment size coverage: All establishments with at least 10 employees"
Greece,Total,"Oficiales, operarios y artesanos de artes mecánicas y de otros oficios",2014,8.99,Currency: GRC - Euro (EUR),"Repository: Eurostat | Data reference period: October | Economic activity coverage: Excluding agriculture, public administration, and activities of households as employers and of extraterritorial organisations and bodies | Establishment size coverage: All establishments with at least 10 employees"
Greece,Total,Operadores de instalaciones y máquinas y ensambladores,2014,8.64,Currency: GRC - Euro (EUR),"Repository: Eurostat | Data reference period: October | Economic activity coverage: Excluding agriculture, public administration, and activities of households as employers and of extraterritorial organisations and bodies | Establishment size coverage: All establishments with at least 10 employees"
Greece,Total,Ocupaciones elementales,2014,5.98,Currency: GRC - Euro (EUR),"Repository: Eurostat | Data reference period: October | Economic activity coverage: Excluding agriculture, public administration, and activities of households as employers and of extraterritorial organisations and bodies | Establishment size coverage: All establishments with at least 10 employees"
Greece,Hombres,Total,2014,10.07,Currency: GRC - Euro (EUR),"Repository: Eurostat | Data reference period: October | Economic activity coverage: Excluding agriculture, public administration, and activities of households as employers and of extraterritorial organisations and bodies | Establishment size coverage: All establishments with at least 10 employees"
Greece,Hombres,Directores y gerentes,2014,20.18,Currency: GRC - Euro (EUR),"Repository: Eurostat | Data reference period: October | Economic activity coverage: Excluding agriculture, public administration, and activities of households as employers and of extraterritorial organisations and bodies | Establishment size coverage: All establishments with at least 10 employees"
Greece,Hombres,Profesionales científicos e intelectuales,2014,13.85,Currency: GRC - Euro (EUR),"Repository: Eurostat | Data reference period: October | Economic activity coverage: Excluding agriculture, public administration, and activities of households as employers and of extraterritorial organisations and bodies | Establishment size coverage: All establishments with at least 10 employees"
Greece,Hombres,Técnicos y profesionales de nivel medio,2014,11.26,Currency: GRC - Euro (EUR),"Repository: Eurostat | Data reference period: October | Economic activity coverage: Excluding agriculture, public administration, and activities of households as employers and of extraterritorial organisations and bodies | Establishment size coverage: All establishments with at least 10 employees"
Greece,Hombres,Personal de apoyo administrativo,2014,9.05,Currency: GRC - Euro (EUR),"Repository: Eurostat | Data reference period: October | Economic activity coverage: Excluding agriculture, public administration, and activities of households as employers and of extraterritorial organisations and bodies | Establishment size coverage: All establishments with at least 10 employees"
Greece,Hombres,Trabajadores de los servicios y vendedores de comercios y mercados,2014,6.93,Currency: GRC - Euro (EUR),"Repository: Eurostat | Data reference period: October | Economic activity coverage: Excluding agriculture, public administration, and activities of households as employers and of extraterritorial organisations and bodies | Establishment size coverage: All establishments with at least 10 employees"
Greece,Hombres,"Agricultores y trabajadores calificados agropecuarios, forestales y pesqueros",2014,6.81,Currency: GRC - Euro (EUR),"Repository: Eurostat | Data reference period: October | Economic activity coverage: Excluding agriculture, public administration, and activities of households as employers and of extraterritorial organisations and bodies | Establishment size coverage: All establishments with at least 10 employees"
Greece,Hombres,"Oficiales, operarios y artesanos de artes mecánicas y de otros oficios",2014,9.16,Currency: GRC - Euro (EUR),"Repository: Eurostat | Data reference period: October | Economic activity coverage: Excluding agriculture, public administration, and activities of households as employers and of extraterritorial organisations and bodies | Establishment size coverage: All establishments with at least 10 employees"
Greece,Hombres,Operadores de instalaciones y máquinas y ensambladores,2014,8.77,Currency: GRC - Euro (EUR),"Repository: Eurostat | Data reference period: October | Economic activity coverage: Excluding agriculture, public administration, and activities of households as employers and of extraterritorial organisations and bodies | Establishment size coverage: All establishments with at least 10 employees"
Greece,Hombres,Ocupaciones elementales,2014,6.31,Currency: GRC - Euro (EUR),"Repository: Eurostat | Data reference period: October | Economic activity coverage: Excluding agriculture, public administration, and activities of households as employers and of extraterritorial organisations and bodies | Establishment size coverage: All establishments with at least 10 employees"
Greece,Mujeres,Total,2014,8.81,Currency: GRC - Euro (EUR),"Repository: Eurostat | Data reference period: October | Economic activity coverage: Excluding agriculture, public administration, and activities of households as employers and of extraterritorial organisations and bodies | Establishment size coverage: All establishments with at least 10 employees"
Greece,Mujeres,Directores y gerentes,2014,16.28,Currency: GRC - Euro (EUR),"Repository: Eurostat | Data reference period: October | Economic activity coverage: Excluding agriculture, public administration, and activities of households as employers and of extraterritorial organisations and bodies | Establishment size coverage: All establishments with at least 10 employees"
Greece,Mujeres,Profesionales científicos e intelectuales,2014,12.1,Currency: GRC - Euro (EUR),"Repository: Eurostat | Data reference period: October | Economic activity coverage: Excluding agriculture, public administration, and activities of households as employers and of extraterritorial organisations and bodies | Establishment size coverage: All establishments with at least 10 employees"
Greece,Mujeres,Técnicos y profesionales de nivel medio,2014,9.51,Currency: GRC - Euro (EUR),"Repository: Eurostat | Data reference period: October | Economic activity coverage: Excluding agriculture, public administration, and activities of households as employers and of extraterritorial organisations and bodies | Establishment size coverage: All establishments with at least 10 employees"
Greece,Mujeres,Personal de apoyo administrativo,2014,8.0,Currency: GRC - Euro (EUR),"Repository: Eurostat | Data reference period: October | Economic activity coverage: Excluding agriculture, public administration, and activities of households as employers and of extraterritorial organisations and bodies | Establishment size coverage: All establishments with at least 10 employees"
Greece,Mujeres,Trabajadores de los servicios y vendedores de comercios y mercados,2014,6.23,Currency: GRC - Euro (EUR),"Repository: Eurostat | Data reference period: October | Economic activity coverage: Excluding agriculture, public administration, and activities of households as employers and of extraterritorial organisations and bodies | Establishment size coverage: All establishments with at least 10 employees"
Greece,Mujeres,"Agricultores y trabajadores calificados agropecuarios, forestales y pesqueros",2014,5.86,Currency: GRC - Euro (EUR),"Repository: Eurostat | Data reference period: October | Economic activity coverage: Excluding agriculture, public administration, and activities of households as employers and of extraterritorial organisations and bodies | Establishment size coverage: All establishments with at least 10 employees"
Greece,Mujeres,"Oficiales, operarios y artesanos de artes mecánicas y de otros oficios",2014,6.72,Currency: GRC - Euro (EUR),"Repository: Eurostat | Data reference period: October | Economic activity coverage: Excluding agriculture, public administration, and activities of households as employers and of extraterritorial organisations and bodies | Establishment size coverage: All establishments with at least 10 employees"
Greece,Mujeres,Operadores de instalaciones y máquinas y ensambladores,2014,6.77,Currency: GRC - Euro (EUR),"Repository: Eurostat | Data reference period: October | Economic activity coverage: Excluding agriculture, public administration, and activities of households as employers and of extraterritorial organisations and bodies | Establishment size coverage: All establishments with at least 10 employees"
Greece,Mujeres,Ocupaciones elementales,2014,5.57,Currency: GRC - Euro (EUR),"Repository: Eurostat | Data reference period: October | Economic activity coverage: Excluding agriculture, public administration, and activities of households as employers and of extraterritorial organisations and bodies | Establishment size coverage: All establishments with at least 10 employees"
Hungary,Total,Total,2014,4.64,Currency: HUN - Euro (EUR),"Repository: Eurostat | Data reference period: May | Economic activity coverage: Excluding agriculture, public administration, and activities of households as employers and of extraterritorial organisations and bodies | Establishment size coverage: All establishments with at least 10 employees"
Hungary,Total,Directores y gerentes,2014,9.91,Currency: HUN - Euro (EUR),"Repository: Eurostat | Data reference period: May | Economic activity coverage: Excluding agriculture, public administration, and activities of households as employers and of extraterritorial organisations and bodies | Establishment size coverage: All establishments with at least 10 employees"
Hungary,Total,Profesionales científicos e intelectuales,2014,6.72,Currency: HUN - Euro (EUR),"Repository: Eurostat | Data reference period: May | Economic activity coverage: Excluding agriculture, public administration, and activities of households as employers and of extraterritorial organisations and bodies | Establishment size coverage: All establishments with at least 10 employees"
Hungary,Total,Técnicos y profesionales de nivel medio,2014,4.84,Currency: HUN - Euro (EUR),"Repository: Eurostat | Data reference period: May | Economic activity coverage: Excluding agriculture, public administration, and activities of households as employers and of extraterritorial organisations and bodies | Establishment size coverage: All establishments with at least 10 employees"
Hungary,Total,Personal de apoyo administrativo,2014,4.2,Currency: HUN - Euro (EUR),"Repository: Eurostat | Data reference period: May | Economic activity coverage: Excluding agriculture, public administration, and activities of households as employers and of extraterritorial organisations and bodies | Establishment size coverage: All establishments with at least 10 employees"
Hungary,Total,Trabajadores de los servicios y vendedores de comercios y mercados,2014,3.14,Currency: HUN - Euro (EUR),"Repository: Eurostat | Data reference period: May | Economic activity coverage: Excluding agriculture, public administration, and activities of households as employers and of extraterritorial organisations and bodies | Establishment size coverage: All establishments with at least 10 employees"
Hungary,Total,"Agricultores y trabajadores calificados agropecuarios, forestales y pesqueros",2014,3.17,Currency: HUN - Euro (EUR),"Repository: Eurostat | Data reference period: May | Economic activity coverage: Excluding agriculture, public administration, and activities of households as employers and of extraterritorial organisations and bodies | Establishment size coverage: All establishments with at least 10 employees"
Hungary,Total,"Oficiales, operarios y artesanos de artes mecánicas y de otros oficios",2014,3.46,Currency: HUN - Euro (EUR),"Repository: Eurostat | Data reference period: May | Economic activity coverage: Excluding agriculture, public administration, and activities of households as employers and of extraterritorial organisations and bodies | Establishment size coverage: All establishments with at least 10 employees"
Hungary,Total,Operadores de instalaciones y máquinas y ensambladores,2014,3.52,Currency: HUN - Euro (EUR),"Repository: Eurostat | Data reference period: May | Economic activity coverage: Excluding agriculture, public administration, and activities of households as employers and of extraterritorial organisations and bodies | Establishment size coverage: All establishments with at least 10 employees"
Hungary,Total,Ocupaciones elementales,2014,2.85,Currency: HUN - Euro (EUR),"Repository: Eurostat | Data reference period: May | Economic activity coverage: Excluding agriculture, public administration, and activities of households as employers and of extraterritorial organisations and bodies | Establishment size coverage: All establishments with at least 10 employees"
Hungary,Hombres,Total,2014,5.0,Currency: HUN - Euro (EUR),"Repository: Eurostat | Data reference period: May | Economic activity coverage: Excluding agriculture, public administration, and activities of households as employers and of extraterritorial organisations and bodies | Establishment size coverage: All establishments with at least 10 employees"
Hungary,Hombres,Directores y gerentes,2014,11.51,Currency: HUN - Euro (EUR),"Repository: Eurostat | Data reference period: May | Economic activity coverage: Excluding agriculture, public administration, and activities of households as employers and of extraterritorial organisations and bodies | Establishment size coverage: All establishments with at least 10 employees"
Hungary,Hombres,Profesionales científicos e intelectuales,2014,8.0,Currency: HUN - Euro (EUR),"Repository: Eurostat | Data reference period: May | Economic activity coverage: Excluding agriculture, public administration, and activities of households as employers and of extraterritorial organisations and bodies | Establishment size coverage: All establishments with at least 10 employees"
Hungary,Hombres,Técnicos y profesionales de nivel medio,2014,5.77,Currency: HUN - Euro (EUR),"Repository: Eurostat | Data reference period: May | Economic activity coverage: Excluding agriculture, public administration, and activities of households as employers and of extraterritorial organisations and bodies | Establishment size coverage: All establishments with at least 10 employees"
Hungary,Hombres,Personal de apoyo administrativo,2014,4.46,Currency: HUN - Euro (EUR),"Repository: Eurostat | Data reference period: May | Economic activity coverage: Excluding agriculture, public administration, and activities of households as employers and of extraterritorial organisations and bodies | Establishment size coverage: All establishments with at least 10 employees"
Hungary,Hombres,Trabajadores de los servicios y vendedores de comercios y mercados,2014,3.44,Currency: HUN - Euro (EUR),"Repository: Eurostat | Data reference period: May | Economic activity coverage: Excluding agriculture, public administration, and activities of households as employers and of extraterritorial organisations and bodies | Establishment size coverage: All establishments with at least 10 employees"
Hungary,Hombres,"Agricultores y trabajadores calificados agropecuarios, forestales y pesqueros",2014,3.37,Currency: HUN - Euro (EUR),"Repository: Eurostat | Data reference period: May | Economic activity coverage: Excluding agriculture, public administration, and activities of households as employers and of extraterritorial organisations and bodies | Establishment size coverage: All establishments with at least 10 employees"
Hungary,Hombres,"Oficiales, operarios y artesanos de artes mecánicas y de otros oficios",2014,3.67,Currency: HUN - Euro (EUR),"Repository: Eurostat | Data reference period: May | Economic activity coverage: Excluding agriculture, public administration, and activities of households as employers and of extraterritorial organisations and bodies | Establishment size coverage: All establishments with at least 10 employees"
Hungary,Hombres,Operadores de instalaciones y máquinas y ensambladores,2014,3.68,Currency: HUN - Euro (EUR),"Repository: Eurostat | Data reference period: May | Economic activity coverage: Excluding agriculture, public administration, and activities of households as employers and of extraterritorial organisations and bodies | Establishment size coverage: All establishments with at least 10 employees"
Hungary,Hombres,Ocupaciones elementales,2014,2.93,Currency: HUN - Euro (EUR),"Repository: Eurostat | Data reference period: May | Economic activity coverage: Excluding agriculture, public administration, and activities of households as employers and of extraterritorial organisations and bodies | Establishment size coverage: All establishments with at least 10 employees"
Hungary,Mujeres,Total,2014,4.25,Currency: HUN - Euro (EUR),"Repository: Eurostat | Data reference period: May | Economic activity coverage: Excluding agriculture, public administration, and activities of households as employers and of extraterritorial organisations and bodies | Establishment size coverage: All establishments with at least 10 employees"
Hungary,Mujeres,Directores y gerentes,2014,7.63,Currency: HUN - Euro (EUR),"Repository: Eurostat | Data reference period: May | Economic activity coverage: Excluding agriculture, public administration, and activities of households as employers and of extraterritorial organisations and bodies | Establishment size coverage: All establishments with at least 10 employees"
Hungary,Mujeres,Profesionales científicos e intelectuales,2014,5.8,Currency: HUN - Euro (EUR),"Repository: Eurostat | Data reference period: May | Economic activity coverage: Excluding agriculture, public administration, and activities of households as employers and of extraterritorial organisations and bodies | Establishment size coverage: All establishments with at least 10 employees"
Hungary,Mujeres,Técnicos y profesionales de nivel medio,2014,4.32,Currency: HUN - Euro (EUR),"Repository: Eurostat | Data reference period: May | Economic activity coverage: Excluding agriculture, public administration, and activities of households as employers and of extraterritorial organisations and bodies | Establishment size coverage: All establishments with at least 10 employees"
Hungary,Mujeres,Personal de apoyo administrativo,2014,4.13,Currency: HUN - Euro (EUR),"Repository: Eurostat | Data reference period: May | Economic activity coverage: Excluding agriculture, public administration, and activities of households as employers and of extraterritorial organisations and bodies | Establishment size coverage: All establishments with at least 10 employees"
Hungary,Mujeres,Trabajadores de los servicios y vendedores de comercios y mercados,2014,2.81,Currency: HUN - Euro (EUR),"Repository: Eurostat | Data reference period: May | Economic activity coverage: Excluding agriculture, public administration, and activities of households as employers and of extraterritorial organisations and bodies | Establishment size coverage: All establishments with at least 10 employees"
Hungary,Mujeres,"Agricultores y trabajadores calificados agropecuarios, forestales y pesqueros",2014,2.78,Currency: HUN - Euro (EUR),"Repository: Eurostat | Data reference period: May | Economic activity coverage: Excluding agriculture, public administration, and activities of households as employers and of extraterritorial organisations and bodies | Establishment size coverage: All establishments with at least 10 employees"
Hungary,Mujeres,"Oficiales, operarios y artesanos de artes mecánicas y de otros oficios",2014,3.02,Currency: HUN - Euro (EUR),"Repository: Eurostat | Data reference period: May | Economic activity coverage: Excluding agriculture, public administration, and activities of households as employers and of extraterritorial organisations and bodies | Establishment size coverage: All establishments with at least 10 employees"
Hungary,Mujeres,Operadores de instalaciones y máquinas y ensambladores,2014,3.05,Currency: HUN - Euro (EUR),"Repository: Eurostat | Data reference period: May | Economic activity coverage: Excluding agriculture, public administration, and activities of households as employers and of extraterritorial organisations and bodies | Establishment size coverage: All establishments with at least 10 employees"
Hungary,Mujeres,Ocupaciones elementales,2014,2.77,Currency: HUN - Euro (EUR),"Repository: Eurostat | Data reference period: May | Economic activity coverage: Excluding agriculture, public administration, and activities of households as employers and of extraterritorial organisations and bodies | Establishment size coverage: All establishments with at least 10 employees"
Ireland,Total,Total,2014,24.22,Currency: IRL - Euro (EUR),"Repository: Eurostat | Data reference period: October | Economic activity coverage: Excluding agriculture, public administration, and activities of households as employers and of extraterritorial organisations and bodies | Establishment size coverage: All establishments with at least 10 employees"
Ireland,Total,Directores y gerentes,2014,31.52,Currency: IRL - Euro (EUR),"Repository: Eurostat | Data reference period: October | Economic activity coverage: Excluding agriculture, public administration, and activities of households as employers and of extraterritorial organisations and bodies | Establishment size coverage: All establishments with at least 10 employees"
Ireland,Total,Profesionales científicos e intelectuales,2014,34.68,Currency: IRL - Euro (EUR),"Repository: Eurostat | Data reference period: October | Economic activity coverage: Excluding agriculture, public administration, and activities of households as employers and of extraterritorial organisations and bodies | Establishment size coverage: All establishments with at least 10 employees"
Ireland,Total,Técnicos y profesionales de nivel medio,2014,25.37,Currency: IRL - Euro (EUR),"Repository: Eurostat | Data reference period: October | Economic activity coverage: Excluding agriculture, public administration, and activities of households as employers and of extraterritorial organisations and bodies | Establishment size coverage: All establishments with at least 10 employees"
Ireland,Total,Personal de apoyo administrativo,2014,20.41,Currency: IRL - Euro (EUR),"Repository: Eurostat | Data reference period: October | Economic activity coverage: Excluding agriculture, public administration, and activities of households as employers and of extraterritorial organisations and bodies | Establishment size coverage: All establishments with at least 10 employees"
Ireland,Total,Trabajadores de los servicios y vendedores de comercios y mercados,2014,16.48,Currency: IRL - Euro (EUR),"Repository: Eurostat | Data reference period: October | Economic activity coverage: Excluding agriculture, public administration, and activities of households as employers and of extraterritorial organisations and bodies | Establishment size coverage: All establishments with at least 10 employees"
Ireland,Total,"Agricultores y trabajadores calificados agropecuarios, forestales y pesqueros",2014,20.27,Currency: IRL - Euro (EUR),"Repository: Eurostat | Data reference period: October | Economic activity coverage: Excluding agriculture, public administration, and activities of households as employers and of extraterritorial organisations and bodies | Establishment size coverage: All establishments with at least 10 employees"
Ireland,Total,"Oficiales, operarios y artesanos de artes mecánicas y de otros oficios",2014,21.02,Currency: IRL - Euro (EUR),"Repository: Eurostat | Data reference period: October | Economic activity coverage: Excluding agriculture, public administration, and activities of households as employers and of extraterritorial organisations and bodies | Establishment size coverage: All establishments with at least 10 employees"
Ireland,Total,Operadores de instalaciones y máquinas y ensambladores,2014,19.14,Currency: IRL - Euro (EUR),"Repository: Eurostat | Data reference period: October | Economic activity coverage: Excluding agriculture, public administration, and activities of households as employers and of extraterritorial organisations and bodies | Establishment size coverage: All establishments with at least 10 employees"
Ireland,Total,Ocupaciones elementales,2014,16.33,Currency: IRL - Euro (EUR),"Repository: Eurostat | Data reference period: October | Economic activity coverage: Excluding agriculture, public administration, and activities of households as employers and of extraterritorial organisations and bodies | Establishment size coverage: All establishments with at least 10 employees"
Ireland,Hombres,Total,2014,26.2,Currency: IRL - Euro (EUR),"Repository: Eurostat | Data reference period: October | Economic activity coverage: Excluding agriculture, public administration, and activities of households as employers and of extraterritorial organisations and bodies | Establishment size coverage: All establishments with at least 10 employees"
Ireland,Hombres,Directores y gerentes,2014,33.87,Currency: IRL - Euro (EUR),"Repository: Eurostat | Data reference period: October | Economic activity coverage: Excluding agriculture, public administration, and activities of households as employers and of extraterritorial organisations and bodies | Establishment size coverage: All establishments with at least 10 employees"
Ireland,Hombres,Profesionales científicos e intelectuales,2014,37.89,Currency: IRL - Euro (EUR),"Repository: Eurostat | Data reference period: October | Economic activity coverage: Excluding agriculture, public administration, and activities of households as employers and of extraterritorial organisations and bodies | Establishment size coverage: All establishments with at least 10 employees"
Ireland,Hombres,Técnicos y profesionales de nivel medio,2014,27.36,Currency: IRL - Euro (EUR),"Repository: Eurostat | Data reference period: October | Economic activity coverage: Excluding agriculture, public administration, and activities of households as employers and of extraterritorial organisations and bodies | Establishment size coverage: All establishments with at least 10 employees"
Ireland,Hombres,Personal de apoyo administrativo,2014,24.24,Currency: IRL - Euro (EUR),"Repository: Eurostat | Data reference period: October | Economic activity coverage: Excluding agriculture, public administration, and activities of households as employers and of extraterritorial organisations and bodies | Establishment size coverage: All establishments with at least 10 employees"
Ireland,Hombres,Trabajadores de los servicios y vendedores de comercios y mercados,2014,17.79,Currency: IRL - Euro (EUR),"Repository: Eurostat | Data reference period: October | Economic activity coverage: Excluding agriculture, public administration, and activities of households as employers and of extraterritorial organisations and bodies | Establishment size coverage: All establishments with at least 10 employees"
Ireland,Hombres,"Oficiales, operarios y artesanos de artes mecánicas y de otros oficios",2014,21.49,Currency: IRL - Euro (EUR),"Repository: Eurostat | Data reference period: October | Economic activity coverage: Excluding agriculture, public administration, and activities of households as employers and of extraterritorial organisations and bodies | Establishment size coverage: All establishments with at least 10 employees"
Ireland,Hombres,Operadores de instalaciones y máquinas y ensambladores,2014,19.73,Currency: IRL - Euro (EUR),"Repository: Eurostat | Data reference period: October | Economic activity coverage: Excluding agriculture, public administration, and activities of households as employers and of extraterritorial organisations and bodies | Establishment size coverage: All establishments with at least 10 employees"
Ireland,Hombres,Ocupaciones elementales,2014,18.05,Currency: IRL - Euro (EUR),"Repository: Eurostat | Data reference period: October | Economic activity coverage: Excluding agriculture, public administration, and activities of households as employers and of extraterritorial organisations and bodies | Establishment size coverage: All establishments with at least 10 employees"
Ireland,Mujeres,Total,2014,22.55,Currency: IRL - Euro (EUR),"Repository: Eurostat | Data reference period: October | Economic activity coverage: Excluding agriculture, public administration, and activities of households as employers and of extraterritorial organisations and bodies | Establishment size coverage: All establishments with at least 10 employees"
Ireland,Mujeres,Directores y gerentes,2014,28.48,Currency: IRL - Euro (EUR),"Repository: Eurostat | Data reference period: October | Economic activity coverage: Excluding agriculture, public administration, and activities of households as employers and of extraterritorial organisations and bodies | Establishment size coverage: All establishments with at least 10 employees"
Ireland,Mujeres,Profesionales científicos e intelectuales,2014,32.54,Currency: IRL - Euro (EUR),"Repository: Eurostat | Data reference period: October | Economic activity coverage: Excluding agriculture, public administration, and activities of households as employers and of extraterritorial organisations and bodies | Establishment size coverage: All establishments with at least 10 employees"
Ireland,Mujeres,Técnicos y profesionales de nivel medio,2014,23.02,Currency: IRL - Euro (EUR),"Repository: Eurostat | Data reference period: October | Economic activity coverage: Excluding agriculture, public administration, and activities of households as employers and of extraterritorial organisations and bodies | Establishment size coverage: All establishments with at least 10 employees"
Ireland,Mujeres,Personal de apoyo administrativo,2014,19.44,Currency: IRL - Euro (EUR),"Repository: Eurostat | Data reference period: October | Economic activity coverage: Excluding agriculture, public administration, and activities of households as employers and of extraterritorial organisations and bodies | Establishment size coverage: All establishments with at least 10 employees"
Ireland,Mujeres,Trabajadores de los servicios y vendedores de comercios y mercados,2014,15.95,Currency: IRL - Euro (EUR),"Repository: Eurostat | Data reference period: October | Economic activity coverage: Excluding agriculture, public administration, and activities of households as employers and of extraterritorial organisations and bodies | Establishment size coverage: All establishments with at least 10 employees"
Ireland,Mujeres,"Oficiales, operarios y artesanos de artes mecánicas y de otros oficios",2014,17.0,Currency: IRL - Euro (EUR),"Repository: Eurostat | Data reference period: October | Economic activity coverage: Excluding agriculture, public administration, and activities of households as employers and of extraterritorial organisations and bodies | Establishment size coverage: All establishments with at least 10 employees"
Ireland,Mujeres,Operadores de instalaciones y máquinas y ensambladores,2014,16.78,Currency: IRL - Euro (EUR),"Repository: Eurostat | Data reference period: October | Economic activity coverage: Excluding agriculture, public administration, and activities of households as employers and of extraterritorial organisations and bodies | Establishment size coverage: All establishments with at least 10 employees"
Ireland,Mujeres,Ocupaciones elementales,2014,14.25,Currency: IRL - Euro (EUR),"Repository: Eurostat | Data reference period: October | Economic activity coverage: Excluding agriculture, public administration, and activities of households as employers and of extraterritorial organisations and bodies | Establishment size coverage: All establishments with at least 10 employees"
Italy,Total,Total,2014,9.29,Currency: ITA - Euro (EUR),Repository: ILO-STATISTICS - Micro data processing
Italy,Total,Directores y gerentes,2014,14.24,Currency: ITA - Euro (EUR),Repository: ILO-STATISTICS - Micro data processing
Italy,Total,Profesionales científicos e intelectuales,2014,14.13,Currency: ITA - Euro (EUR),Repository: ILO-STATISTICS - Micro data processing
Italy,Total,Técnicos y profesionales de nivel medio,2014,10.18,Currency: ITA - Euro (EUR),Repository: ILO-STATISTICS - Micro data processing
Italy,Total,Personal de apoyo administrativo,2014,9.21,Currency: ITA - Euro (EUR),Repository: ILO-STATISTICS - Micro data processing
Italy,Total,Trabajadores de los servicios y vendedores de comercios y mercados,2014,7.46,Currency: ITA - Euro (EUR),Repository: ILO-STATISTICS - Micro data processing
Italy,Total,"Agricultores y trabajadores calificados agropecuarios, forestales y pesqueros",2014,7.43,Currency: ITA - Euro (EUR),Repository: ILO-STATISTICS - Micro data processing
Italy,Total,"Oficiales, operarios y artesanos de artes mecánicas y de otros oficios",2014,7.94,Currency: ITA - Euro (EUR),Repository: ILO-STATISTICS - Micro data processing
Italy,Total,Operadores de instalaciones y máquinas y ensambladores,2014,8.47,Currency: ITA - Euro (EUR),Repository: ILO-STATISTICS - Micro data processing
Italy,Total,Ocupaciones elementales,2014,7.41,Currency: ITA - Euro (EUR),Repository: ILO-STATISTICS - Micro data processing
Italy,Total,Ocupaciones militares,2014,10.68,Currency: ITA - Euro (EUR),Repository: ILO-STATISTICS - Micro data processing
Italy,Hombres,Total,2014,9.31,Currency: ITA - Euro (EUR),Repository: ILO-STATISTICS - Micro data processing
Italy,Hombres,Directores y gerentes,2014,14.46,Currency: ITA - Euro (EUR),Repository: ILO-STATISTICS - Micro data processing
Italy,Hombres,Profesionales científicos e intelectuales,2014,13.87,Currency: ITA - Euro (EUR),Repository: ILO-STATISTICS - Micro data processing
Italy,Hombres,Técnicos y profesionales de nivel medio,2014,10.53,Currency: ITA - Euro (EUR),Repository: ILO-STATISTICS - Micro data processing
Italy,Hombres,Personal de apoyo administrativo,2014,9.47,Currency: ITA - Euro (EUR),Repository: ILO-STATISTICS - Micro data processing
Italy,Hombres,Trabajadores de los servicios y vendedores de comercios y mercados,2014,7.82,Currency: ITA - Euro (EUR),Repository: ILO-STATISTICS - Micro data processing
Italy,Hombres,"Agricultores y trabajadores calificados agropecuarios, forestales y pesqueros",2014,7.4,Currency: ITA - Euro (EUR),Repository: ILO-STATISTICS - Micro data processing
Italy,Hombres,"Oficiales, operarios y artesanos de artes mecánicas y de otros oficios",2014,8.02,Currency: ITA - Euro (EUR),Repository: ILO-STATISTICS - Micro data processing
Italy,Hombres,Operadores de instalaciones y máquinas y ensambladores,2014,8.61,Currency: ITA - Euro (EUR),Repository: ILO-STATISTICS - Micro data processing
Italy,Hombres,Ocupaciones elementales,2014,7.31,Currency: ITA - Euro (EUR),Repository: ILO-STATISTICS - Micro data processing
Italy,Hombres,Ocupaciones militares,2014,10.75,Currency: ITA - Euro (EUR),Repository: ILO-STATISTICS - Micro data processing
Italy,Mujeres,Total,2014,9.26,Currency: ITA - Euro (EUR),Repository: ILO-STATISTICS - Micro data processing
Italy,Mujeres,Directores y gerentes,2014,13.73,Currency: ITA - Euro (EUR),Repository: ILO-STATISTICS - Micro data processing
Italy,Mujeres,Profesionales científicos e intelectuales,2014,14.32,Currency: ITA - Euro (EUR),Repository: ILO-STATISTICS - Micro data processing
Italy,Mujeres,Técnicos y profesionales de nivel medio,2014,9.69,Currency: ITA - Euro (EUR),Repository: ILO-STATISTICS - Micro data processing
Italy,Mujeres,Personal de apoyo administrativo,2014,9.05,Currency: ITA - Euro (EUR),Repository: ILO-STATISTICS - Micro data processing
Italy,Mujeres,Trabajadores de los servicios y vendedores de comercios y mercados,2014,7.25,Currency: ITA - Euro (EUR),Repository: ILO-STATISTICS - Micro data processing
Italy,Mujeres,"Agricultores y trabajadores calificados agropecuarios, forestales y pesqueros",2014,7.7,Currency: ITA - Euro (EUR),Repository: ILO-STATISTICS - Micro data processing
Italy,Mujeres,"Oficiales, operarios y artesanos de artes mecánicas y de otros oficios",2014,7.29,Currency: ITA - Euro (EUR),Repository: ILO-STATISTICS - Micro data processing
Italy,Mujeres,Operadores de instalaciones y máquinas y ensambladores,2014,7.87,Currency: ITA - Euro (EUR),Repository: ILO-STATISTICS - Micro data processing
Italy,Mujeres,Ocupaciones elementales,2014,7.53,Currency: ITA - Euro (EUR),Repository: ILO-STATISTICS - Micro data processing
Italy,Mujeres,Ocupaciones militares,2014,8.61,Currency: ITA - Euro (EUR),Repository: ILO-STATISTICS - Micro data processing
Lithuania,Total,Total,2014,3.91,Currency: LTU - Euro (EUR),"Repository: Eurostat | Data reference period: October | Economic activity coverage: Excluding agriculture, public administration, and activities of households as employers and of extraterritorial organisations and bodies | Establishment size coverage: All establishments with at least 10 employees"
Lithuania,Total,Directores y gerentes,2014,7.08,Currency: LTU - Euro (EUR),"Repository: Eurostat | Data reference period: October | Economic activity coverage: Excluding agriculture, public administration, and activities of households as employers and of extraterritorial organisations and bodies | Establishment size coverage: All establishments with at least 10 employees"
Lithuania,Total,Profesionales científicos e intelectuales,2014,5.1,Currency: LTU - Euro (EUR),"Repository: Eurostat | Data reference period: October | Economic activity coverage: Excluding agriculture, public administration, and activities of households as employers and of extraterritorial organisations and bodies | Establishment size coverage: All establishments with at least 10 employees"
Lithuania,Total,Técnicos y profesionales de nivel medio,2014,3.74,Currency: LTU - Euro (EUR),"Repository: Eurostat | Data reference period: October | Economic activity coverage: Excluding agriculture, public administration, and activities of households as employers and of extraterritorial organisations and bodies | Establishment size coverage: All establishments with at least 10 employees"
Lithuania,Total,Personal de apoyo administrativo,2014,3.19,Currency: LTU - Euro (EUR),"Repository: Eurostat | Data reference period: October | Economic activity coverage: Excluding agriculture, public administration, and activities of households as employers and of extraterritorial organisations and bodies | Establishment size coverage: All establishments with at least 10 employees"
Lithuania,Total,Trabajadores de los servicios y vendedores de comercios y mercados,2014,2.42,Currency: LTU - Euro (EUR),"Repository: Eurostat | Data reference period: October | Economic activity coverage: Excluding agriculture, public administration, and activities of households as employers and of extraterritorial organisations and bodies | Establishment size coverage: All establishments with at least 10 employees"
Lithuania,Total,"Oficiales, operarios y artesanos de artes mecánicas y de otros oficios",2014,3.2,Currency: LTU - Euro (EUR),"Repository: Eurostat | Data reference period: October | Economic activity coverage: Excluding agriculture, public administration, and activities of households as employers and of extraterritorial organisations and bodies | Establishment size coverage: All establishments with at least 10 employees"
Lithuania,Total,Operadores de instalaciones y máquinas y ensambladores,2014,3.28,Currency: LTU - Euro (EUR),"Repository: Eurostat | Data reference period: October | Economic activity coverage: Excluding agriculture, public administration, and activities of households as employers and of extraterritorial organisations and bodies | Establishment size coverage: All establishments with at least 10 employees"
Lithuania,Total,Ocupaciones elementales,2014,2.23,Currency: LTU - Euro (EUR),"Repository: Eurostat | Data reference period: October | Economic activity coverage: Excluding agriculture, public administration, and activities of households as employers and of extraterritorial organisations and bodies | Establishment size coverage: All establishments with at least 10 employees"
Lithuania,Hombres,Total,2014,4.2,Currency: LTU - Euro (EUR),"Repository: Eurostat | Data reference period: October | Economic activity coverage: Excluding agriculture, public administration, and activities of households as employers and of extraterritorial organisations and bodies | Establishment size coverage: All establishments with at least 10 employees"
Lithuania,Hombres,Directores y gerentes,2014,7.67,Currency: LTU - Euro (EUR),"Repository: Eurostat | Data reference period: October | Economic activity coverage: Excluding agriculture, public administration, and activities of households as employers and of extraterritorial organisations and bodies | Establishment size coverage: All establishments with at least 10 employees"
Lithuania,Hombres,Profesionales científicos e intelectuales,2014,5.87,Currency: LTU - Euro (EUR),"Repository: Eurostat | Data reference period: October | Economic activity coverage: Excluding agriculture, public administration, and activities of households as employers and of extraterritorial organisations and bodies | Establishment size coverage: All establishments with at least 10 employees"
Lithuania,Hombres,Técnicos y profesionales de nivel medio,2014,4.35,Currency: LTU - Euro (EUR),"Repository: Eurostat | Data reference period: October | Economic activity coverage: Excluding agriculture, public administration, and activities of households as employers and of extraterritorial organisations and bodies | Establishment size coverage: All establishments with at least 10 employees"
Lithuania,Hombres,Personal de apoyo administrativo,2014,3.74,Currency: LTU - Euro (EUR),"Repository: Eurostat | Data reference period: October | Economic activity coverage: Excluding agriculture, public administration, and activities of households as employers and of extraterritorial organisations and bodies | Establishment size coverage: All establishments with at least 10 employees"
Lithuania,Hombres,Trabajadores de los servicios y vendedores de comercios y mercados,2014,2.67,Currency: LTU - Euro (EUR),"Repository: Eurostat | Data reference period: October | Economic activity coverage: Excluding agriculture, public administration, and activities of households as employers and of extraterritorial organisations and bodies | Establishment size coverage: All establishments with at least 10 employees"
Lithuania,Hombres,"Oficiales, operarios y artesanos de artes mecánicas y de otros oficios",2014,3.34,Currency: LTU - Euro (EUR),"Repository: Eurostat | Data reference period: October | Economic activity coverage: Excluding agriculture, public administration, and activities of households as employers and of extraterritorial organisations and bodies | Establishment size coverage: All establishments with at least 10 employees"
Lithuania,Hombres,Operadores de instalaciones y máquinas y ensambladores,2014,3.33,Currency: LTU - Euro (EUR),"Repository: Eurostat | Data reference period: October | Economic activity coverage: Excluding agriculture, public administration, and activities of households as employers and of extraterritorial organisations and bodies | Establishment size coverage: All establishments with at least 10 employees"
Lithuania,Hombres,Ocupaciones elementales,2014,2.39,Currency: LTU - Euro (EUR),"Repository: Eurostat | Data reference period: October | Economic activity coverage: Excluding agriculture, public administration, and activities of households as employers and of extraterritorial organisations and bodies | Establishment size coverage: All establishments with at least 10 employees"
Lithuania,Mujeres,Total,2014,3.65,Currency: LTU - Euro (EUR),"Repository: Eurostat | Data reference period: October | Economic activity coverage: Excluding agriculture, public administration, and activities of households as employers and of extraterritorial organisations and bodies | Establishment size coverage: All establishments with at least 10 employees"
Lithuania,Mujeres,Directores y gerentes,2014,6.23,Currency: LTU - Euro (EUR),"Repository: Eurostat | Data reference period: October | Economic activity coverage: Excluding agriculture, public administration, and activities of households as employers and of extraterritorial organisations and bodies | Establishment size coverage: All establishments with at least 10 employees"
Lithuania,Mujeres,Profesionales científicos e intelectuales,2014,4.78,Currency: LTU - Euro (EUR),"Repository: Eurostat | Data reference period: October | Economic activity coverage: Excluding agriculture, public administration, and activities of households as employers and of extraterritorial organisations and bodies | Establishment size coverage: All establishments with at least 10 employees"
Lithuania,Mujeres,Técnicos y profesionales de nivel medio,2014,3.3,Currency: LTU - Euro (EUR),"Repository: Eurostat | Data reference period: October | Economic activity coverage: Excluding agriculture, public administration, and activities of households as employers and of extraterritorial organisations and bodies | Establishment size coverage: All establishments with at least 10 employees"
Lithuania,Mujeres,Personal de apoyo administrativo,2014,2.98,Currency: LTU - Euro (EUR),"Repository: Eurostat | Data reference period: October | Economic activity coverage: Excluding agriculture, public administration, and activities of households as employers and of extraterritorial organisations and bodies | Establishment size coverage: All establishments with at least 10 employees"
Lithuania,Mujeres,Trabajadores de los servicios y vendedores de comercios y mercados,2014,2.35,Currency: LTU - Euro (EUR),"Repository: Eurostat | Data reference period: October | Economic activity coverage: Excluding agriculture, public administration, and activities of households as employers and of extraterritorial organisations and bodies | Establishment size coverage: All establishments with at least 10 employees"
Lithuania,Mujeres,"Oficiales, operarios y artesanos de artes mecánicas y de otros oficios",2014,2.77,Currency: LTU - Euro (EUR),"Repository: Eurostat | Data reference period: October | Economic activity coverage: Excluding agriculture, public administration, and activities of households as employers and of extraterritorial organisations and bodies | Establishment size coverage: All establishments with at least 10 employees"
Lithuania,Mujeres,Operadores de instalaciones y máquinas y ensambladores,2014,2.99,Currency: LTU - Euro (EUR),"Repository: Eurostat | Data reference period: October | Economic activity coverage: Excluding agriculture, public administration, and activities of households as employers and of extraterritorial organisations and bodies | Establishment size coverage: All establishments with at least 10 employees"
Lithuania,Mujeres,Ocupaciones elementales,2014,2.11,Currency: LTU - Euro (EUR),"Repository: Eurostat | Data reference period: October | Economic activity coverage: Excluding agriculture, public administration, and activities of households as employers and of extraterritorial organisations and bodies | Establishment size coverage: All establishments with at least 10 employees"
Luxembourg,Total,Total,2014,22.94,Currency: LUX - Euro (EUR),"Repository: Eurostat | Data reference period: October | Economic activity coverage: Excluding agriculture, public administration, and activities of households as employers and of extraterritorial organisations and bodies | Establishment size coverage: All establishments with at least 10 employees"
Luxembourg,Total,Directores y gerentes,2014,46.84,Currency: LUX - Euro (EUR),"Repository: Eurostat | Data reference period: October | Economic activity coverage: Excluding agriculture, public administration, and activities of households as employers and of extraterritorial organisations and bodies | Establishment size coverage: All establishments with at least 10 employees"
Luxembourg,Total,Profesionales científicos e intelectuales,2014,31.97,Currency: LUX - Euro (EUR),"Repository: Eurostat | Data reference period: October | Economic activity coverage: Excluding agriculture, public administration, and activities of households as employers and of extraterritorial organisations and bodies | Establishment size coverage: All establishments with at least 10 employees"
Luxembourg,Total,Técnicos y profesionales de nivel medio,2014,24.59,Currency: LUX - Euro (EUR),"Repository: Eurostat | Data reference period: October | Economic activity coverage: Excluding agriculture, public administration, and activities of households as employers and of extraterritorial organisations and bodies | Establishment size coverage: All establishments with at least 10 employees"
Luxembourg,Total,Personal de apoyo administrativo,2014,19.74,Currency: LUX - Euro (EUR),"Repository: Eurostat | Data reference period: October | Economic activity coverage: Excluding agriculture, public administration, and activities of households as employers and of extraterritorial organisations and bodies | Establishment size coverage: All establishments with at least 10 employees"
Luxembourg,Total,Trabajadores de los servicios y vendedores de comercios y mercados,2014,15.5,Currency: LUX - Euro (EUR),"Repository: Eurostat | Data reference period: October | Economic activity coverage: Excluding agriculture, public administration, and activities of households as employers and of extraterritorial organisations and bodies | Establishment size coverage: All establishments with at least 10 employees"
Luxembourg,Total,"Agricultores y trabajadores calificados agropecuarios, forestales y pesqueros",2014,14.05,Currency: LUX - Euro (EUR),"Repository: Eurostat | Data reference period: October | Economic activity coverage: Excluding agriculture, public administration, and activities of households as employers and of extraterritorial organisations and bodies | Establishment size coverage: All establishments with at least 10 employees"
Luxembourg,Total,"Oficiales, operarios y artesanos de artes mecánicas y de otros oficios",2014,16.59,Currency: LUX - Euro (EUR),"Repository: Eurostat | Data reference period: October | Economic activity coverage: Excluding agriculture, public administration, and activities of households as employers and of extraterritorial organisations and bodies | Establishment size coverage: All establishments with at least 10 employees"
Luxembourg,Total,Operadores de instalaciones y máquinas y ensambladores,2014,16.57,Currency: LUX - Euro (EUR),"Repository: Eurostat | Data reference period: October | Economic activity coverage: Excluding agriculture, public administration, and activities of households as employers and of extraterritorial organisations and bodies | Establishment size coverage: All establishments with at least 10 employees"
Luxembourg,Total,Ocupaciones elementales,2014,13.19,Currency: LUX - Euro (EUR),"Repository: Eurostat | Data reference period: October | Economic activity coverage: Excluding agriculture, public administration, and activities of households as employers and of extraterritorial organisations and bodies | Establishment size coverage: All establishments with at least 10 employees"
Luxembourg,Hombres,Total,2014,23.44,Currency: LUX - Euro (EUR),"Repository: Eurostat | Data reference period: October | Economic activity coverage: Excluding agriculture, public administration, and activities of households as employers and of extraterritorial organisations and bodies | Establishment size coverage: All establishments with at least 10 employees"
Luxembourg,Hombres,Directores y gerentes,2014,49.51,Currency: LUX - Euro (EUR),"Repository: Eurostat | Data reference period: October | Economic activity coverage: Excluding agriculture, public administration, and activities of households as employers and of extraterritorial organisations and bodies | Establishment size coverage: All establishments with at least 10 employees"
Luxembourg,Hombres,Profesionales científicos e intelectuales,2014,31.9,Currency: LUX - Euro (EUR),"Repository: Eurostat | Data reference period: October | Economic activity coverage: Excluding agriculture, public administration, and activities of households as employers and of extraterritorial organisations and bodies | Establishment size coverage: All establishments with at least 10 employees"
Luxembourg,Hombres,Técnicos y profesionales de nivel medio,2014,24.81,Currency: LUX - Euro (EUR),"Repository: Eurostat | Data reference period: October | Economic activity coverage: Excluding agriculture, public administration, and activities of households as employers and of extraterritorial organisations and bodies | Establishment size coverage: All establishments with at least 10 employees"
Luxembourg,Hombres,Personal de apoyo administrativo,2014,20.0,Currency: LUX - Euro (EUR),"Repository: Eurostat | Data reference period: October | Economic activity coverage: Excluding agriculture, public administration, and activities of households as employers and of extraterritorial organisations and bodies | Establishment size coverage: All establishments with at least 10 employees"
Luxembourg,Hombres,Trabajadores de los servicios y vendedores de comercios y mercados,2014,16.19,Currency: LUX - Euro (EUR),"Repository: Eurostat | Data reference period: October | Economic activity coverage: Excluding agriculture, public administration, and activities of households as employers and of extraterritorial organisations and bodies | Establishment size coverage: All establishments with at least 10 employees"
Luxembourg,Hombres,"Agricultores y trabajadores calificados agropecuarios, forestales y pesqueros",2014,14.66,Currency: LUX - Euro (EUR),"Repository: Eurostat | Data reference period: October | Economic activity coverage: Excluding agriculture, public administration, and activities of households as employers and of extraterritorial organisations and bodies | Establishment size coverage: All establishments with at least 10 employees"
Luxembourg,Hombres,"Oficiales, operarios y artesanos de artes mecánicas y de otros oficios",2014,16.68,Currency: LUX - Euro (EUR),"Repository: Eurostat | Data reference period: October | Economic activity coverage: Excluding agriculture, public administration, and activities of households as employers and of extraterritorial organisations and bodies | Establishment size coverage: All establishments with at least 10 employees"
Luxembourg,Hombres,Operadores de instalaciones y máquinas y ensambladores,2014,16.83,Currency: LUX - Euro (EUR),"Repository: Eurostat | Data reference period: October | Economic activity coverage: Excluding agriculture, public administration, and activities of households as employers and of extraterritorial organisations and bodies | Establishment size coverage: All establishments with at least 10 employees"
Luxembourg,Hombres,Ocupaciones elementales,2014,13.53,Currency: LUX - Euro (EUR),"Repository: Eurostat | Data reference period: October | Economic activity coverage: Excluding agriculture, public administration, and activities of households as employers and of extraterritorial organisations and bodies | Establishment size coverage: All establishments with at least 10 employees"
Luxembourg,Mujeres,Total,2014,22.18,Currency: LUX - Euro (EUR),"Repository: Eurostat | Data reference period: October | Economic activity coverage: Excluding agriculture, public administration, and activities of households as employers and of extraterritorial organisations and bodies | Establishment size coverage: All establishments with at least 10 employees"
Luxembourg,Mujeres,Directores y gerentes,2014,38.59,Currency: LUX - Euro (EUR),"Repository: Eurostat | Data reference period: October | Economic activity coverage: Excluding agriculture, public administration, and activities of households as employers and of extraterritorial organisations and bodies | Establishment size coverage: All establishments with at least 10 employees"
Luxembourg,Mujeres,Profesionales científicos e intelectuales,2014,32.06,Currency: LUX - Euro (EUR),"Repository: Eurostat | Data reference period: October | Economic activity coverage: Excluding agriculture, public administration, and activities of households as employers and of extraterritorial organisations and bodies | Establishment size coverage: All establishments with at least 10 employees"
Luxembourg,Mujeres,Técnicos y profesionales de nivel medio,2014,24.33,Currency: LUX - Euro (EUR),"Repository: Eurostat | Data reference period: October | Economic activity coverage: Excluding agriculture, public administration, and activities of households as employers and of extraterritorial organisations and bodies | Establishment size coverage: All establishments with at least 10 employees"
Luxembourg,Mujeres,Personal de apoyo administrativo,2014,19.55,Currency: LUX - Euro (EUR),"Repository: Eurostat | Data reference period: October | Economic activity coverage: Excluding agriculture, public administration, and activities of households as employers and of extraterritorial organisations and bodies | Establishment size coverage: All establishments with at least 10 employees"
Luxembourg,Mujeres,Trabajadores de los servicios y vendedores de comercios y mercados,2014,15.1,Currency: LUX - Euro (EUR),"Repository: Eurostat | Data reference period: October | Economic activity coverage: Excluding agriculture, public administration, and activities of households as employers and of extraterritorial organisations and bodies | Establishment size coverage: All establishments with at least 10 employees"
Luxembourg,Mujeres,"Agricultores y trabajadores calificados agropecuarios, forestales y pesqueros",2014,12.47,Currency: LUX - Euro (EUR),"Repository: Eurostat | Data reference period: October | Economic activity coverage: Excluding agriculture, public administration, and activities of households as employers and of extraterritorial organisations and bodies | Establishment size coverage: All establishments with at least 10 employees"
Luxembourg,Mujeres,"Oficiales, operarios y artesanos de artes mecánicas y de otros oficios",2014,13.57,Currency: LUX - Euro (EUR),"Repository: Eurostat | Data reference period: October | Economic activity coverage: Excluding agriculture, public administration, and activities of households as employers and of extraterritorial organisations and bodies | Establishment size coverage: All establishments with at least 10 employees"
Luxembourg,Mujeres,Operadores de instalaciones y máquinas y ensambladores,2014,13.8,Currency: LUX - Euro (EUR),"Repository: Eurostat | Data reference period: October | Economic activity coverage: Excluding agriculture, public administration, and activities of households as employers and of extraterritorial organisations and bodies | Establishment size coverage: All establishments with at least 10 employees"
Luxembourg,Mujeres,Ocupaciones elementales,2014,12.9,Currency: LUX - Euro (EUR),"Repository: Eurostat | Data reference period: October | Economic activity coverage: Excluding agriculture, public administration, and activities of households as employers and of extraterritorial organisations and bodies | Establishment size coverage: All establishments with at least 10 employees"
Latvia,Total,Total,2014,4.41,Currency: LVA - Euro (EUR),"Repository: Eurostat | Data reference period: October | Economic activity coverage: Excluding agriculture, public administration, and activities of households as employers and of extraterritorial organisations and bodies | Establishment size coverage: All establishments with at least 10 employees"
Latvia,Total,Directores y gerentes,2014,7.92,Currency: LVA - Euro (EUR),"Repository: Eurostat | Data reference period: October | Economic activity coverage: Excluding agriculture, public administration, and activities of households as employers and of extraterritorial organisations and bodies | Establishment size coverage: All establishments with at least 10 employees"
Latvia,Total,Profesionales científicos e intelectuales,2014,5.58,Currency: LVA - Euro (EUR),"Repository: Eurostat | Data reference period: October | Economic activity coverage: Excluding agriculture, public administration, and activities of households as employers and of extraterritorial organisations and bodies | Establishment size coverage: All establishments with at least 10 employees"
Latvia,Total,Técnicos y profesionales de nivel medio,2014,4.96,Currency: LVA - Euro (EUR),"Repository: Eurostat | Data reference period: October | Economic activity coverage: Excluding agriculture, public administration, and activities of households as employers and of extraterritorial organisations and bodies | Establishment size coverage: All establishments with at least 10 employees"
Latvia,Total,Personal de apoyo administrativo,2014,3.99,Currency: LVA - Euro (EUR),"Repository: Eurostat | Data reference period: October | Economic activity coverage: Excluding agriculture, public administration, and activities of households as employers and of extraterritorial organisations and bodies | Establishment size coverage: All establishments with at least 10 employees"
Latvia,Total,Trabajadores de los servicios y vendedores de comercios y mercados,2014,2.88,Currency: LVA - Euro (EUR),"Repository: Eurostat | Data reference period: October | Economic activity coverage: Excluding agriculture, public administration, and activities of households as employers and of extraterritorial organisations and bodies | Establishment size coverage: All establishments with at least 10 employees"
Latvia,Total,"Agricultores y trabajadores calificados agropecuarios, forestales y pesqueros",2014,3.87,Currency: LVA - Euro (EUR),"Repository: Eurostat | Data reference period: October | Economic activity coverage: Excluding agriculture, public administration, and activities of households as employers and of extraterritorial organisations and bodies | Establishment size coverage: All establishments with at least 10 employees"
Latvia,Total,"Oficiales, operarios y artesanos de artes mecánicas y de otros oficios",2014,3.93,Currency: LVA - Euro (EUR),"Repository: Eurostat | Data reference period: October | Economic activity coverage: Excluding agriculture, public administration, and activities of households as employers and of extraterritorial organisations and bodies | Establishment size coverage: All establishments with at least 10 employees"
Latvia,Total,Operadores de instalaciones y máquinas y ensambladores,2014,3.83,Currency: LVA - Euro (EUR),"Repository: Eurostat | Data reference period: October | Economic activity coverage: Excluding agriculture, public administration, and activities of households as employers and of extraterritorial organisations and bodies | Establishment size coverage: All establishments with at least 10 employees"
Latvia,Total,Ocupaciones elementales,2014,2.67,Currency: LVA - Euro (EUR),"Repository: Eurostat | Data reference period: October | Economic activity coverage: Excluding agriculture, public administration, and activities of households as employers and of extraterritorial organisations and bodies | Establishment size coverage: All establishments with at least 10 employees"
Latvia,Hombres,Total,2014,4.89,Currency: LVA - Euro (EUR),"Repository: Eurostat | Data reference period: October | Economic activity coverage: Excluding agriculture, public administration, and activities of households as employers and of extraterritorial organisations and bodies | Establishment size coverage: All establishments with at least 10 employees"
Latvia,Hombres,Directores y gerentes,2014,8.73,Currency: LVA - Euro (EUR),"Repository: Eurostat | Data reference period: October | Economic activity coverage: Excluding agriculture, public administration, and activities of households as employers and of extraterritorial organisations and bodies | Establishment size coverage: All establishments with at least 10 employees"
Latvia,Hombres,Profesionales científicos e intelectuales,2014,7.16,Currency: LVA - Euro (EUR),"Repository: Eurostat | Data reference period: October | Economic activity coverage: Excluding agriculture, public administration, and activities of households as employers and of extraterritorial organisations and bodies | Establishment size coverage: All establishments with at least 10 employees"
Latvia,Hombres,Técnicos y profesionales de nivel medio,2014,5.8,Currency: LVA - Euro (EUR),"Repository: Eurostat | Data reference period: October | Economic activity coverage: Excluding agriculture, public administration, and activities of households as employers and of extraterritorial organisations and bodies | Establishment size coverage: All establishments with at least 10 employees"
Latvia,Hombres,Personal de apoyo administrativo,2014,4.44,Currency: LVA - Euro (EUR),"Repository: Eurostat | Data reference period: October | Economic activity coverage: Excluding agriculture, public administration, and activities of households as employers and of extraterritorial organisations and bodies | Establishment size coverage: All establishments with at least 10 employees"
Latvia,Hombres,Trabajadores de los servicios y vendedores de comercios y mercados,2014,3.35,Currency: LVA - Euro (EUR),"Repository: Eurostat | Data reference period: October | Economic activity coverage: Excluding agriculture, public administration, and activities of households as employers and of extraterritorial organisations and bodies | Establishment size coverage: All establishments with at least 10 employees"
Latvia,Hombres,"Agricultores y trabajadores calificados agropecuarios, forestales y pesqueros",2014,4.88,Currency: LVA - Euro (EUR),"Repository: Eurostat | Data reference period: October | Economic activity coverage: Excluding agriculture, public administration, and activities of households as employers and of extraterritorial organisations and bodies | Establishment size coverage: All establishments with at least 10 employees"
Latvia,Hombres,"Oficiales, operarios y artesanos de artes mecánicas y de otros oficios",2014,4.19,Currency: LVA - Euro (EUR),"Repository: Eurostat | Data reference period: October | Economic activity coverage: Excluding agriculture, public administration, and activities of households as employers and of extraterritorial organisations and bodies | Establishment size coverage: All establishments with at least 10 employees"
Latvia,Hombres,Operadores de instalaciones y máquinas y ensambladores,2014,3.91,Currency: LVA - Euro (EUR),"Repository: Eurostat | Data reference period: October | Economic activity coverage: Excluding agriculture, public administration, and activities of households as employers and of extraterritorial organisations and bodies | Establishment size coverage: All establishments with at least 10 employees"
Latvia,Hombres,Ocupaciones elementales,2014,3.0,Currency: LVA - Euro (EUR),"Repository: Eurostat | Data reference period: October | Economic activity coverage: Excluding agriculture, public administration, and activities of households as employers and of extraterritorial organisations and bodies | Establishment size coverage: All establishments with at least 10 employees"
Latvia,Mujeres,Total,2014,4.04,Currency: LVA - Euro (EUR),"Repository: Eurostat | Data reference period: October | Economic activity coverage: Excluding agriculture, public administration, and activities of households as employers and of extraterritorial organisations and bodies | Establishment size coverage: All establishments with at least 10 employees"
Latvia,Mujeres,Directores y gerentes,2014,7.19,Currency: LVA - Euro (EUR),"Repository: Eurostat | Data reference period: October | Economic activity coverage: Excluding agriculture, public administration, and activities of households as employers and of extraterritorial organisations and bodies | Establishment size coverage: All establishments with at least 10 employees"
Latvia,Mujeres,Profesionales científicos e intelectuales,2014,5.03,Currency: LVA - Euro (EUR),"Repository: Eurostat | Data reference period: October | Economic activity coverage: Excluding agriculture, public administration, and activities of households as employers and of extraterritorial organisations and bodies | Establishment size coverage: All establishments with at least 10 employees"
Latvia,Mujeres,Técnicos y profesionales de nivel medio,2014,4.46,Currency: LVA - Euro (EUR),"Repository: Eurostat | Data reference period: October | Economic activity coverage: Excluding agriculture, public administration, and activities of households as employers and of extraterritorial organisations and bodies | Establishment size coverage: All establishments with at least 10 employees"
Latvia,Mujeres,Personal de apoyo administrativo,2014,3.83,Currency: LVA - Euro (EUR),"Repository: Eurostat | Data reference period: October | Economic activity coverage: Excluding agriculture, public administration, and activities of households as employers and of extraterritorial organisations and bodies | Establishment size coverage: All establishments with at least 10 employees"
Latvia,Mujeres,Trabajadores de los servicios y vendedores de comercios y mercados,2014,2.74,Currency: LVA - Euro (EUR),"Repository: Eurostat | Data reference period: October | Economic activity coverage: Excluding agriculture, public administration, and activities of households as employers and of extraterritorial organisations and bodies | Establishment size coverage: All establishments with at least 10 employees"
Latvia,Mujeres,"Agricultores y trabajadores calificados agropecuarios, forestales y pesqueros",2014,2.55,Currency: LVA - Euro (EUR),"Repository: Eurostat | Data reference period: October | Economic activity coverage: Excluding agriculture, public administration, and activities of households as employers and of extraterritorial organisations and bodies | Establishment size coverage: All establishments with at least 10 employees"
Latvia,Mujeres,"Oficiales, operarios y artesanos de artes mecánicas y de otros oficios",2014,2.96,Currency: LVA - Euro (EUR),"Repository: Eurostat | Data reference period: October | Economic activity coverage: Excluding agriculture, public administration, and activities of households as employers and of extraterritorial organisations and bodies | Establishment size coverage: All establishments with at least 10 employees"
Latvia,Mujeres,Operadores de instalaciones y máquinas y ensambladores,2014,3.35,Currency: LVA - Euro (EUR),"Repository: Eurostat | Data reference period: October | Economic activity coverage: Excluding agriculture, public administration, and activities of households as employers and of extraterritorial organisations and bodies | Establishment size coverage: All establishments with at least 10 employees"
Latvia,Mujeres,Ocupaciones elementales,2014,2.44,Currency: LVA - Euro (EUR),"Repository: Eurostat | Data reference period: October | Economic activity coverage: Excluding agriculture, public administration, and activities of households as employers and of extraterritorial organisations and bodies | Establishment size coverage: All establishments with at least 10 employees"
Malta,Total,Total,2014,9.89,Currency: MLT - Euro (EUR),"Repository: Eurostat | Data reference period: October | Economic activity coverage: Excluding agriculture, public administration, and activities of households as employers and of extraterritorial organisations and bodies | Establishment size coverage: All establishments with at least 10 employees"
Malta,Total,Directores y gerentes,2014,17.89,Currency: MLT - Euro (EUR),"Repository: Eurostat | Data reference period: October | Economic activity coverage: Excluding agriculture, public administration, and activities of households as employers and of extraterritorial organisations and bodies | Establishment size coverage: All establishments with at least 10 employees"
Malta,Total,Profesionales científicos e intelectuales,2014,12.87,Currency: MLT - Euro (EUR),"Repository: Eurostat | Data reference period: October | Economic activity coverage: Excluding agriculture, public administration, and activities of households as employers and of extraterritorial organisations and bodies | Establishment size coverage: All establishments with at least 10 employees"
Malta,Total,Técnicos y profesionales de nivel medio,2014,10.42,Currency: MLT - Euro (EUR),"Repository: Eurostat | Data reference period: October | Economic activity coverage: Excluding agriculture, public administration, and activities of households as employers and of extraterritorial organisations and bodies | Establishment size coverage: All establishments with at least 10 employees"
Malta,Total,Personal de apoyo administrativo,2014,8.23,Currency: MLT - Euro (EUR),"Repository: Eurostat | Data reference period: October | Economic activity coverage: Excluding agriculture, public administration, and activities of households as employers and of extraterritorial organisations and bodies | Establishment size coverage: All establishments with at least 10 employees"
Malta,Total,Trabajadores de los servicios y vendedores de comercios y mercados,2014,7.52,Currency: MLT - Euro (EUR),"Repository: Eurostat | Data reference period: October | Economic activity coverage: Excluding agriculture, public administration, and activities of households as employers and of extraterritorial organisations and bodies | Establishment size coverage: All establishments with at least 10 employees"
Malta,Total,"Agricultores y trabajadores calificados agropecuarios, forestales y pesqueros",2014,7.96,Currency: MLT - Euro (EUR),"Repository: Eurostat | Data reference period: October | Economic activity coverage: Excluding agriculture, public administration, and activities of households as employers and of extraterritorial organisations and bodies | Establishment size coverage: All establishments with at least 10 employees"
Malta,Total,"Oficiales, operarios y artesanos de artes mecánicas y de otros oficios",2014,8.07,Currency: MLT - Euro (EUR),"Repository: Eurostat | Data reference period: October | Economic activity coverage: Excluding agriculture, public administration, and activities of households as employers and of extraterritorial organisations and bodies | Establishment size coverage: All establishments with at least 10 employees"
Malta,Total,Operadores de instalaciones y máquinas y ensambladores,2014,7.6,Currency: MLT - Euro (EUR),"Repository: Eurostat | Data reference period: October | Economic activity coverage: Excluding agriculture, public administration, and activities of households as employers and of extraterritorial organisations and bodies | Establishment size coverage: All establishments with at least 10 employees"
Malta,Total,Ocupaciones elementales,2014,6.38,Currency: MLT - Euro (EUR),"Repository: Eurostat | Data reference period: October | Economic activity coverage: Excluding agriculture, public administration, and activities of households as employers and of extraterritorial organisations and bodies | Establishment size coverage: All establishments with at least 10 employees"
Malta,Hombres,Total,2014,10.35,Currency: MLT - Euro (EUR),"Repository: Eurostat | Data reference period: October | Economic activity coverage: Excluding agriculture, public administration, and activities of households as employers and of extraterritorial organisations and bodies | Establishment size coverage: All establishments with at least 10 employees"
Malta,Hombres,Directores y gerentes,2014,19.14,Currency: MLT - Euro (EUR),"Repository: Eurostat | Data reference period: October | Economic activity coverage: Excluding agriculture, public administration, and activities of households as employers and of extraterritorial organisations and bodies | Establishment size coverage: All establishments with at least 10 employees"
Malta,Hombres,Profesionales científicos e intelectuales,2014,13.84,Currency: MLT - Euro (EUR),"Repository: Eurostat | Data reference period: October | Economic activity coverage: Excluding agriculture, public administration, and activities of households as employers and of extraterritorial organisations and bodies | Establishment size coverage: All establishments with at least 10 employees"
Malta,Hombres,Técnicos y profesionales de nivel medio,2014,10.82,Currency: MLT - Euro (EUR),"Repository: Eurostat | Data reference period: October | Economic activity coverage: Excluding agriculture, public administration, and activities of households as employers and of extraterritorial organisations and bodies | Establishment size coverage: All establishments with at least 10 employees"
Malta,Hombres,Personal de apoyo administrativo,2014,8.18,Currency: MLT - Euro (EUR),"Repository: Eurostat | Data reference period: October | Economic activity coverage: Excluding agriculture, public administration, and activities of households as employers and of extraterritorial organisations and bodies | Establishment size coverage: All establishments with at least 10 employees"
Malta,Hombres,Trabajadores de los servicios y vendedores de comercios y mercados,2014,7.57,Currency: MLT - Euro (EUR),"Repository: Eurostat | Data reference period: October | Economic activity coverage: Excluding agriculture, public administration, and activities of households as employers and of extraterritorial organisations and bodies | Establishment size coverage: All establishments with at least 10 employees"
Malta,Hombres,"Oficiales, operarios y artesanos de artes mecánicas y de otros oficios",2014,8.11,Currency: MLT - Euro (EUR),"Repository: Eurostat | Data reference period: October | Economic activity coverage: Excluding agriculture, public administration, and activities of households as employers and of extraterritorial organisations and bodies | Establishment size coverage: All establishments with at least 10 employees"
Malta,Hombres,Operadores de instalaciones y máquinas y ensambladores,2014,7.78,Currency: MLT - Euro (EUR),"Repository: Eurostat | Data reference period: October | Economic activity coverage: Excluding agriculture, public administration, and activities of households as employers and of extraterritorial organisations and bodies | Establishment size coverage: All establishments with at least 10 employees"
Malta,Hombres,Ocupaciones elementales,2014,6.68,Currency: MLT - Euro (EUR),"Repository: Eurostat | Data reference period: October | Economic activity coverage: Excluding agriculture, public administration, and activities of households as employers and of extraterritorial organisations and bodies | Establishment size coverage: All establishments with at least 10 employees"
Malta,Mujeres,Total,2014,9.25,Currency: MLT - Euro (EUR),"Repository: Eurostat | Data reference period: October | Economic activity coverage: Excluding agriculture, public administration, and activities of households as employers and of extraterritorial organisations and bodies | Establishment size coverage: All establishments with at least 10 employees"
Malta,Mujeres,Directores y gerentes,2014,15.02,Currency: MLT - Euro (EUR),"Repository: Eurostat | Data reference period: October | Economic activity coverage: Excluding agriculture, public administration, and activities of households as employers and of extraterritorial organisations and bodies | Establishment size coverage: All establishments with at least 10 employees"
Malta,Mujeres,Profesionales científicos e intelectuales,2014,11.95,Currency: MLT - Euro (EUR),"Repository: Eurostat | Data reference period: October | Economic activity coverage: Excluding agriculture, public administration, and activities of households as employers and of extraterritorial organisations and bodies | Establishment size coverage: All establishments with at least 10 employees"
Malta,Mujeres,Técnicos y profesionales de nivel medio,2014,9.75,Currency: MLT - Euro (EUR),"Repository: Eurostat | Data reference period: October | Economic activity coverage: Excluding agriculture, public administration, and activities of households as employers and of extraterritorial organisations and bodies | Establishment size coverage: All establishments with at least 10 employees"
Malta,Mujeres,Personal de apoyo administrativo,2014,8.28,Currency: MLT - Euro (EUR),"Repository: Eurostat | Data reference period: October | Economic activity coverage: Excluding agriculture, public administration, and activities of households as employers and of extraterritorial organisations and bodies | Establishment size coverage: All establishments with at least 10 employees"
Malta,Mujeres,Trabajadores de los servicios y vendedores de comercios y mercados,2014,7.48,Currency: MLT - Euro (EUR),"Repository: Eurostat | Data reference period: October | Economic activity coverage: Excluding agriculture, public administration, and activities of households as employers and of extraterritorial organisations and bodies | Establishment size coverage: All establishments with at least 10 employees"
Malta,Mujeres,"Oficiales, operarios y artesanos de artes mecánicas y de otros oficios",2014,7.48,Currency: MLT - Euro (EUR),"Repository: Eurostat | Data reference period: October | Economic activity coverage: Excluding agriculture, public administration, and activities of households as employers and of extraterritorial organisations and bodies | Establishment size coverage: All establishments with at least 10 employees"
Malta,Mujeres,Operadores de instalaciones y máquinas y ensambladores,2014,7.09,Currency: MLT - Euro (EUR),"Repository: Eurostat | Data reference period: October | Economic activity coverage: Excluding agriculture, public administration, and activities of households as employers and of extraterritorial organisations and bodies | Establishment size coverage: All establishments with at least 10 employees"
Malta,Mujeres,Ocupaciones elementales,2014,5.83,Currency: MLT - Euro (EUR),"Repository: Eurostat | Data reference period: October | Economic activity coverage: Excluding agriculture, public administration, and activities of households as employers and of extraterritorial organisations and bodies | Establishment size coverage: All establishments with at least 10 employees"
Montenegro,Total,Total,2014,4.07,Currency: MNE - Euro (EUR),"Repository: Eurostat | Data reference period: October | Economic activity coverage: Excluding agriculture, public administration, and activities of households as employers and of extraterritorial organisations and bodies | Establishment size coverage: All establishments with at least 10 employees"
Montenegro,Total,Directores y gerentes,2014,8.68,Currency: MNE - Euro (EUR),"Repository: Eurostat | Data reference period: October | Economic activity coverage: Excluding agriculture, public administration, and activities of households as employers and of extraterritorial organisations and bodies | Establishment size coverage: All establishments with at least 10 employees"
Montenegro,Total,Profesionales científicos e intelectuales,2014,5.58,Currency: MNE - Euro (EUR),"Repository: Eurostat | Data reference period: October | Economic activity coverage: Excluding agriculture, public administration, and activities of households as employers and of extraterritorial organisations and bodies | Establishment size coverage: All establishments with at least 10 employees"
Montenegro,Total,Técnicos y profesionales de nivel medio,2014,4.59,Currency: MNE - Euro (EUR),"Repository: Eurostat | Data reference period: October | Economic activity coverage: Excluding agriculture, public administration, and activities of households as employers and of extraterritorial organisations and bodies | Establishment size coverage: All establishments with at least 10 employees"
Montenegro,Total,Personal de apoyo administrativo,2014,3.3,Currency: MNE - Euro (EUR),"Repository: Eurostat | Data reference period: October | Economic activity coverage: Excluding agriculture, public administration, and activities of households as employers and of extraterritorial organisations and bodies | Establishment size coverage: All establishments with at least 10 employees"
Montenegro,Total,Trabajadores de los servicios y vendedores de comercios y mercados,2014,2.48,Currency: MNE - Euro (EUR),"Repository: Eurostat | Data reference period: October | Economic activity coverage: Excluding agriculture, public administration, and activities of households as employers and of extraterritorial organisations and bodies | Establishment size coverage: All establishments with at least 10 employees"
Montenegro,Total,"Oficiales, operarios y artesanos de artes mecánicas y de otros oficios",2014,3.46,Currency: MNE - Euro (EUR),"Repository: Eurostat | Data reference period: October | Economic activity coverage: Excluding agriculture, public administration, and activities of households as employers and of extraterritorial organisations and bodies | Establishment size coverage: All establishments with at least 10 employees"
Montenegro,Total,Operadores de instalaciones y máquinas y ensambladores,2014,3.35,Currency: MNE - Euro (EUR),"Repository: Eurostat | Data reference period: October | Economic activity coverage: Excluding agriculture, public administration, and activities of households as employers and of extraterritorial organisations and bodies | Establishment size coverage: All establishments with at least 10 employees"
Montenegro,Total,Ocupaciones elementales,2014,2.48,Currency: MNE - Euro (EUR),"Repository: Eurostat | Data reference period: October | Economic activity coverage: Excluding agriculture, public administration, and activities of households as employers and of extraterritorial organisations and bodies | Establishment size coverage: All establishments with at least 10 employees"
Montenegro,Hombres,Total,2014,4.24,Currency: MNE - Euro (EUR),"Repository: Eurostat | Data reference period: October | Economic activity coverage: Excluding agriculture, public administration, and activities of households as employers and of extraterritorial organisations and bodies | Establishment size coverage: All establishments with at least 10 employees"
Montenegro,Hombres,Directores y gerentes,2014,8.83,Currency: MNE - Euro (EUR),"Repository: Eurostat | Data reference period: October | Economic activity coverage: Excluding agriculture, public administration, and activities of households as employers and of extraterritorial organisations and bodies | Establishment size coverage: All establishments with at least 10 employees"
Montenegro,Hombres,Profesionales científicos e intelectuales,2014,6.09,Currency: MNE - Euro (EUR),"Repository: Eurostat | Data reference period: October | Economic activity coverage: Excluding agriculture, public administration, and activities of households as employers and of extraterritorial organisations and bodies | Establishment size coverage: All establishments with at least 10 employees"
Montenegro,Hombres,Técnicos y profesionales de nivel medio,2014,5.02,Currency: MNE - Euro (EUR),"Repository: Eurostat | Data reference period: October | Economic activity coverage: Excluding agriculture, public administration, and activities of households as employers and of extraterritorial organisations and bodies | Establishment size coverage: All establishments with at least 10 employees"
Montenegro,Hombres,Personal de apoyo administrativo,2014,3.16,Currency: MNE - Euro (EUR),"Repository: Eurostat | Data reference period: October | Economic activity coverage: Excluding agriculture, public administration, and activities of households as employers and of extraterritorial organisations and bodies | Establishment size coverage: All establishments with at least 10 employees"
Montenegro,Hombres,Trabajadores de los servicios y vendedores de comercios y mercados,2014,2.76,Currency: MNE - Euro (EUR),"Repository: Eurostat | Data reference period: October | Economic activity coverage: Excluding agriculture, public administration, and activities of households as employers and of extraterritorial organisations and bodies | Establishment size coverage: All establishments with at least 10 employees"
Montenegro,Hombres,"Oficiales, operarios y artesanos de artes mecánicas y de otros oficios",2014,3.47,Currency: MNE - Euro (EUR),"Repository: Eurostat | Data reference period: October | Economic activity coverage: Excluding agriculture, public administration, and activities of households as employers and of extraterritorial organisations and bodies | Establishment size coverage: All establishments with at least 10 employees"
Montenegro,Hombres,Operadores de instalaciones y máquinas y ensambladores,2014,3.37,Currency: MNE - Euro (EUR),"Repository: Eurostat | Data reference period: October | Economic activity coverage: Excluding agriculture, public administration, and activities of households as employers and of extraterritorial organisations and bodies | Establishment size coverage: All establishments with at least 10 employees"
Montenegro,Hombres,Ocupaciones elementales,2014,2.85,Currency: MNE - Euro (EUR),"Repository: Eurostat | Data reference period: October | Economic activity coverage: Excluding agriculture, public administration, and activities of households as employers and of extraterritorial organisations and bodies | Establishment size coverage: All establishments with at least 10 employees"
Montenegro,Mujeres,Total,2014,3.91,Currency: MNE - Euro (EUR),"Repository: Eurostat | Data reference period: October | Economic activity coverage: Excluding agriculture, public administration, and activities of households as employers and of extraterritorial organisations and bodies | Establishment size coverage: All establishments with at least 10 employees"
Montenegro,Mujeres,Directores y gerentes,2014,8.3,Currency: MNE - Euro (EUR),"Repository: Eurostat | Data reference period: October | Economic activity coverage: Excluding agriculture, public administration, and activities of households as employers and of extraterritorial organisations and bodies | Establishment size coverage: All establishments with at least 10 employees"
Montenegro,Mujeres,Profesionales científicos e intelectuales,2014,5.35,Currency: MNE - Euro (EUR),"Repository: Eurostat | Data reference period: October | Economic activity coverage: Excluding agriculture, public administration, and activities of households as employers and of extraterritorial organisations and bodies | Establishment size coverage: All establishments with at least 10 employees"
Montenegro,Mujeres,Técnicos y profesionales de nivel medio,2014,4.26,Currency: MNE - Euro (EUR),"Repository: Eurostat | Data reference period: October | Economic activity coverage: Excluding agriculture, public administration, and activities of households as employers and of extraterritorial organisations and bodies | Establishment size coverage: All establishments with at least 10 employees"
Montenegro,Mujeres,Personal de apoyo administrativo,2014,3.43,Currency: MNE - Euro (EUR),"Repository: Eurostat | Data reference period: October | Economic activity coverage: Excluding agriculture, public administration, and activities of households as employers and of extraterritorial organisations and bodies | Establishment size coverage: All establishments with at least 10 employees"
Montenegro,Mujeres,Trabajadores de los servicios y vendedores de comercios y mercados,2014,2.31,Currency: MNE - Euro (EUR),"Repository: Eurostat | Data reference period: October | Economic activity coverage: Excluding agriculture, public administration, and activities of households as employers and of extraterritorial organisations and bodies | Establishment size coverage: All establishments with at least 10 employees"
Montenegro,Mujeres,"Oficiales, operarios y artesanos de artes mecánicas y de otros oficios",2014,3.36,Currency: MNE - Euro (EUR),"Repository: Eurostat | Data reference period: October | Economic activity coverage: Excluding agriculture, public administration, and activities of households as employers and of extraterritorial organisations and bodies | Establishment size coverage: All establishments with at least 10 employees"
Montenegro,Mujeres,Operadores de instalaciones y máquinas y ensambladores,2014,2.71,Currency: MNE - Euro (EUR),"Repository: Eurostat | Data reference period: October | Economic activity coverage: Excluding agriculture, public administration, and activities of households as employers and of extraterritorial organisations and bodies | Establishment size coverage: All establishments with at least 10 employees"
Montenegro,Mujeres,Ocupaciones elementales,2014,2.21,Currency: MNE - Euro (EUR),"Repository: Eurostat | Data reference period: October | Economic activity coverage: Excluding agriculture, public administration, and activities of households as employers and of extraterritorial organisations and bodies | Establishment size coverage: All establishments with at least 10 employees"
Netherlands,Total,Total,2014,17.51,Currency: NLD - Euro (EUR),"Repository: Eurostat | Data reference period: October | Economic activity coverage: Excluding agriculture, public administration, and activities of households as employers and of extraterritorial organisations and bodies | Establishment size coverage: All establishments with at least 10 employees"
Netherlands,Total,Directores y gerentes,2014,31.18,Currency: NLD - Euro (EUR),"Repository: Eurostat | Data reference period: October | Economic activity coverage: Excluding agriculture, public administration, and activities of households as employers and of extraterritorial organisations and bodies | Establishment size coverage: All establishments with at least 10 employees"
Netherlands,Total,Profesionales científicos e intelectuales,2014,23.86,Currency: NLD - Euro (EUR),"Repository: Eurostat | Data reference period: October | Economic activity coverage: Excluding agriculture, public administration, and activities of households as employers and of extraterritorial organisations and bodies | Establishment size coverage: All establishments with at least 10 employees"
Netherlands,Total,Técnicos y profesionales de nivel medio,2014,19.5,Currency: NLD - Euro (EUR),"Repository: Eurostat | Data reference period: October | Economic activity coverage: Excluding agriculture, public administration, and activities of households as employers and of extraterritorial organisations and bodies | Establishment size coverage: All establishments with at least 10 employees"
Netherlands,Total,Personal de apoyo administrativo,2014,15.43,Currency: NLD - Euro (EUR),"Repository: Eurostat | Data reference period: October | Economic activity coverage: Excluding agriculture, public administration, and activities of households as employers and of extraterritorial organisations and bodies | Establishment size coverage: All establishments with at least 10 employees"
Netherlands,Total,Trabajadores de los servicios y vendedores de comercios y mercados,2014,12.71,Currency: NLD - Euro (EUR),"Repository: Eurostat | Data reference period: October | Economic activity coverage: Excluding agriculture, public administration, and activities of households as employers and of extraterritorial organisations and bodies | Establishment size coverage: All establishments with at least 10 employees"
Netherlands,Total,"Agricultores y trabajadores calificados agropecuarios, forestales y pesqueros",2014,12.04,Currency: NLD - Euro (EUR),"Repository: Eurostat | Data reference period: October | Economic activity coverage: Excluding agriculture, public administration, and activities of households as employers and of extraterritorial organisations and bodies | Establishment size coverage: All establishments with at least 10 employees"
Netherlands,Total,"Oficiales, operarios y artesanos de artes mecánicas y de otros oficios",2014,15.74,Currency: NLD - Euro (EUR),"Repository: Eurostat | Data reference period: October | Economic activity coverage: Excluding agriculture, public administration, and activities of households as employers and of extraterritorial organisations and bodies | Establishment size coverage: All establishments with at least 10 employees"
Netherlands,Total,Operadores de instalaciones y máquinas y ensambladores,2014,14.65,Currency: NLD - Euro (EUR),"Repository: Eurostat | Data reference period: October | Economic activity coverage: Excluding agriculture, public administration, and activities of households as employers and of extraterritorial organisations and bodies | Establishment size coverage: All establishments with at least 10 employees"
Netherlands,Total,Ocupaciones elementales,2014,10.52,Currency: NLD - Euro (EUR),"Repository: Eurostat | Data reference period: October | Economic activity coverage: Excluding agriculture, public administration, and activities of households as employers and of extraterritorial organisations and bodies | Establishment size coverage: All establishments with at least 10 employees"
Netherlands,Total,Ocupaciones militares,2014,16.82,Currency: NLD - Euro (EUR),"Repository: Eurostat | Data reference period: October | Economic activity coverage: Excluding agriculture, public administration, and activities of households as employers and of extraterritorial organisations and bodies | Establishment size coverage: All establishments with at least 10 employees"
Netherlands,Hombres,Total,2014,19.1,Currency: NLD - Euro (EUR),"Repository: Eurostat | Data reference period: October | Economic activity coverage: Excluding agriculture, public administration, and activities of households as employers and of extraterritorial organisations and bodies | Establishment size coverage: All establishments with at least 10 employees"
Netherlands,Hombres,Directores y gerentes,2014,33.48,Currency: NLD - Euro (EUR),"Repository: Eurostat | Data reference period: October | Economic activity coverage: Excluding agriculture, public administration, and activities of households as employers and of extraterritorial organisations and bodies | Establishment size coverage: All establishments with at least 10 employees"
Netherlands,Hombres,Profesionales científicos e intelectuales,2014,25.74,Currency: NLD - Euro (EUR),"Repository: Eurostat | Data reference period: October | Economic activity coverage: Excluding agriculture, public administration, and activities of households as employers and of extraterritorial organisations and bodies | Establishment size coverage: All establishments with at least 10 employees"
Netherlands,Hombres,Técnicos y profesionales de nivel medio,2014,21.74,Currency: NLD - Euro (EUR),"Repository: Eurostat | Data reference period: October | Economic activity coverage: Excluding agriculture, public administration, and activities of households as employers and of extraterritorial organisations and bodies | Establishment size coverage: All establishments with at least 10 employees"
Netherlands,Hombres,Personal de apoyo administrativo,2014,16.37,Currency: NLD - Euro (EUR),"Repository: Eurostat | Data reference period: October | Economic activity coverage: Excluding agriculture, public administration, and activities of households as employers and of extraterritorial organisations and bodies | Establishment size coverage: All establishments with at least 10 employees"
Netherlands,Hombres,Trabajadores de los servicios y vendedores de comercios y mercados,2014,13.13,Currency: NLD - Euro (EUR),"Repository: Eurostat | Data reference period: October | Economic activity coverage: Excluding agriculture, public administration, and activities of households as employers and of extraterritorial organisations and bodies | Establishment size coverage: All establishments with at least 10 employees"
Netherlands,Hombres,"Agricultores y trabajadores calificados agropecuarios, forestales y pesqueros",2014,12.24,Currency: NLD - Euro (EUR),"Repository: Eurostat | Data reference period: October | Economic activity coverage: Excluding agriculture, public administration, and activities of households as employers and of extraterritorial organisations and bodies | Establishment size coverage: All establishments with at least 10 employees"
Netherlands,Hombres,"Oficiales, operarios y artesanos de artes mecánicas y de otros oficios",2014,16.05,Currency: NLD - Euro (EUR),"Repository: Eurostat | Data reference period: October | Economic activity coverage: Excluding agriculture, public administration, and activities of households as employers and of extraterritorial organisations and bodies | Establishment size coverage: All establishments with at least 10 employees"
Netherlands,Hombres,Operadores de instalaciones y máquinas y ensambladores,2014,14.93,Currency: NLD - Euro (EUR),"Repository: Eurostat | Data reference period: October | Economic activity coverage: Excluding agriculture, public administration, and activities of households as employers and of extraterritorial organisations and bodies | Establishment size coverage: All establishments with at least 10 employees"
Netherlands,Hombres,Ocupaciones elementales,2014,10.66,Currency: NLD - Euro (EUR),"Repository: Eurostat | Data reference period: October | Economic activity coverage: Excluding agriculture, public administration, and activities of households as employers and of extraterritorial organisations and bodies | Establishment size coverage: All establishments with at least 10 employees"
Netherlands,Mujeres,Total,2014,15.86,Currency: NLD - Euro (EUR),"Repository: Eurostat | Data reference period: October | Economic activity coverage: Excluding agriculture, public administration, and activities of households as employers and of extraterritorial organisations and bodies | Establishment size coverage: All establishments with at least 10 employees"
Netherlands,Mujeres,Directores y gerentes,2014,25.42,Currency: NLD - Euro (EUR),"Repository: Eurostat | Data reference period: October | Economic activity coverage: Excluding agriculture, public administration, and activities of households as employers and of extraterritorial organisations and bodies | Establishment size coverage: All establishments with at least 10 employees"
Netherlands,Mujeres,Profesionales científicos e intelectuales,2014,21.98,Currency: NLD - Euro (EUR),"Repository: Eurostat | Data reference period: October | Economic activity coverage: Excluding agriculture, public administration, and activities of households as employers and of extraterritorial organisations and bodies | Establishment size coverage: All establishments with at least 10 employees"
Netherlands,Mujeres,Técnicos y profesionales de nivel medio,2014,17.54,Currency: NLD - Euro (EUR),"Repository: Eurostat | Data reference period: October | Economic activity coverage: Excluding agriculture, public administration, and activities of households as employers and of extraterritorial organisations and bodies | Establishment size coverage: All establishments with at least 10 employees"
Netherlands,Mujeres,Personal de apoyo administrativo,2014,14.81,Currency: NLD - Euro (EUR),"Repository: Eurostat | Data reference period: October | Economic activity coverage: Excluding agriculture, public administration, and activities of households as employers and of extraterritorial organisations and bodies | Establishment size coverage: All establishments with at least 10 employees"
Netherlands,Mujeres,Trabajadores de los servicios y vendedores de comercios y mercados,2014,12.55,Currency: NLD - Euro (EUR),"Repository: Eurostat | Data reference period: October | Economic activity coverage: Excluding agriculture, public administration, and activities of households as employers and of extraterritorial organisations and bodies | Establishment size coverage: All establishments with at least 10 employees"
Netherlands,Mujeres,"Agricultores y trabajadores calificados agropecuarios, forestales y pesqueros",2014,10.65,Currency: NLD - Euro (EUR),"Repository: Eurostat | Data reference period: October | Economic activity coverage: Excluding agriculture, public administration, and activities of households as employers and of extraterritorial organisations and bodies | Establishment size coverage: All establishments with at least 10 employees"
Netherlands,Mujeres,"Oficiales, operarios y artesanos de artes mecánicas y de otros oficios",2014,11.82,Currency: NLD - Euro (EUR),"Repository: Eurostat | Data reference period: October | Economic activity coverage: Excluding agriculture, public administration, and activities of households as employers and of extraterritorial organisations and bodies | Establishment size coverage: All establishments with at least 10 employees"
Netherlands,Mujeres,Operadores de instalaciones y máquinas y ensambladores,2014,12.27,Currency: NLD - Euro (EUR),"Repository: Eurostat | Data reference period: October | Economic activity coverage: Excluding agriculture, public administration, and activities of households as employers and of extraterritorial organisations and bodies | Establishment size coverage: All establishments with at least 10 employees"
Netherlands,Mujeres,Ocupaciones elementales,2014,10.36,Currency: NLD - Euro (EUR),"Repository: Eurostat | Data reference period: October | Economic activity coverage: Excluding agriculture, public administration, and activities of households as employers and of extraterritorial organisations and bodies | Establishment size coverage: All establishments with at least 10 employees"
Norway,Total,Total,2014,30.8,Currency: NOR - Euro (EUR),"Repository: Eurostat | Data reference period: September | Data reference period: October | Economic activity coverage: Excluding agriculture, public administration, and activities of households as employers and of extraterritorial organisations and bodies | Establishment size coverage: All establishments with at least 10 employees"
Norway,Total,Directores y gerentes,2014,47.55,Currency: NOR - Euro (EUR),"Repository: Eurostat | Data reference period: September | Data reference period: October | Economic activity coverage: Excluding agriculture, public administration, and activities of households as employers and of extraterritorial organisations and bodies | Establishment size coverage: All establishments with at least 10 employees"
Norway,Total,Profesionales científicos e intelectuales,2014,36.1,Currency: NOR - Euro (EUR),"Repository: Eurostat | Data reference period: September | Data reference period: October | Economic activity coverage: Excluding agriculture, public administration, and activities of households as employers and of extraterritorial organisations and bodies | Establishment size coverage: All establishments with at least 10 employees"
Norway,Total,Técnicos y profesionales de nivel medio,2014,34.58,Currency: NOR - Euro (EUR),"Repository: Eurostat | Data reference period: September | Data reference period: October | Economic activity coverage: Excluding agriculture, public administration, and activities of households as employers and of extraterritorial organisations and bodies | Establishment size coverage: All establishments with at least 10 employees"
Norway,Total,Personal de apoyo administrativo,2014,26.02,Currency: NOR - Euro (EUR),"Repository: Eurostat | Data reference period: September | Data reference period: October | Economic activity coverage: Excluding agriculture, public administration, and activities of households as employers and of extraterritorial organisations and bodies | Establishment size coverage: All establishments with at least 10 employees"
Norway,Total,Trabajadores de los servicios y vendedores de comercios y mercados,2014,23.61,Currency: NOR - Euro (EUR),"Repository: Eurostat | Data reference period: September | Data reference period: October | Economic activity coverage: Excluding agriculture, public administration, and activities of households as employers and of extraterritorial organisations and bodies | Establishment size coverage: All establishments with at least 10 employees"
Norway,Total,"Agricultores y trabajadores calificados agropecuarios, forestales y pesqueros",2014,24.22,Currency: NOR - Euro (EUR),"Repository: Eurostat | Data reference period: September | Data reference period: October | Economic activity coverage: Excluding agriculture, public administration, and activities of households as employers and of extraterritorial organisations and bodies | Establishment size coverage: All establishments with at least 10 employees"
Norway,Total,"Oficiales, operarios y artesanos de artes mecánicas y de otros oficios",2014,26.91,Currency: NOR - Euro (EUR),"Repository: Eurostat | Data reference period: September | Data reference period: October | Economic activity coverage: Excluding agriculture, public administration, and activities of households as employers and of extraterritorial organisations and bodies | Establishment size coverage: All establishments with at least 10 employees"
Norway,Total,Operadores de instalaciones y máquinas y ensambladores,2014,27.65,Currency: NOR - Euro (EUR),"Repository: Eurostat | Data reference period: September | Data reference period: October | Economic activity coverage: Excluding agriculture, public administration, and activities of households as employers and of extraterritorial organisations and bodies | Establishment size coverage: All establishments with at least 10 employees"
Norway,Total,Ocupaciones elementales,2014,22.15,Currency: NOR - Euro (EUR),"Repository: Eurostat | Data reference period: September | Data reference period: October | Economic activity coverage: Excluding agriculture, public administration, and activities of households as employers and of extraterritorial organisations and bodies | Establishment size coverage: All establishments with at least 10 employees"
Norway,Hombres,Total,2014,33.09,Currency: NOR - Euro (EUR),"Repository: Eurostat | Data reference period: September | Data reference period: October | Economic activity coverage: Excluding agriculture, public administration, and activities of households as employers and of extraterritorial organisations and bodies | Establishment size coverage: All establishments with at least 10 employees"
Norway,Hombres,Directores y gerentes,2014,51.73,Currency: NOR - Euro (EUR),"Repository: Eurostat | Data reference period: September | Data reference period: October | Economic activity coverage: Excluding agriculture, public administration, and activities of households as employers and of extraterritorial organisations and bodies | Establishment size coverage: All establishments with at least 10 employees"
Norway,Hombres,Profesionales científicos e intelectuales,2014,40.53,Currency: NOR - Euro (EUR),"Repository: Eurostat | Data reference period: September | Data reference period: October | Economic activity coverage: Excluding agriculture, public administration, and activities of households as employers and of extraterritorial organisations and bodies | Establishment size coverage: All establishments with at least 10 employees"
Norway,Hombres,Técnicos y profesionales de nivel medio,2014,37.7,Currency: NOR - Euro (EUR),"Repository: Eurostat | Data reference period: September | Data reference period: October | Economic activity coverage: Excluding agriculture, public administration, and activities of households as employers and of extraterritorial organisations and bodies | Establishment size coverage: All establishments with at least 10 employees"
Norway,Hombres,Personal de apoyo administrativo,2014,26.58,Currency: NOR - Euro (EUR),"Repository: Eurostat | Data reference period: September | Data reference period: October | Economic activity coverage: Excluding agriculture, public administration, and activities of households as employers and of extraterritorial organisations and bodies | Establishment size coverage: All establishments with at least 10 employees"
Norway,Hombres,Trabajadores de los servicios y vendedores de comercios y mercados,2014,23.47,Currency: NOR - Euro (EUR),"Repository: Eurostat | Data reference period: September | Data reference period: October | Economic activity coverage: Excluding agriculture, public administration, and activities of households as employers and of extraterritorial organisations and bodies | Establishment size coverage: All establishments with at least 10 employees"
Norway,Hombres,"Agricultores y trabajadores calificados agropecuarios, forestales y pesqueros",2014,24.67,Currency: NOR - Euro (EUR),"Repository: Eurostat | Data reference period: September | Data reference period: October | Economic activity coverage: Excluding agriculture, public administration, and activities of households as employers and of extraterritorial organisations and bodies | Establishment size coverage: All establishments with at least 10 employees"
Norway,Hombres,"Oficiales, operarios y artesanos de artes mecánicas y de otros oficios",2014,27.01,Currency: NOR - Euro (EUR),"Repository: Eurostat | Data reference period: September | Data reference period: October | Economic activity coverage: Excluding agriculture, public administration, and activities of households as employers and of extraterritorial organisations and bodies | Establishment size coverage: All establishments with at least 10 employees"
Norway,Hombres,Operadores de instalaciones y máquinas y ensambladores,2014,28.23,Currency: NOR - Euro (EUR),"Repository: Eurostat | Data reference period: September | Data reference period: October | Economic activity coverage: Excluding agriculture, public administration, and activities of households as employers and of extraterritorial organisations and bodies | Establishment size coverage: All establishments with at least 10 employees"
Norway,Hombres,Ocupaciones elementales,2014,23.1,Currency: NOR - Euro (EUR),"Repository: Eurostat | Data reference period: September | Data reference period: October | Economic activity coverage: Excluding agriculture, public administration, and activities of households as employers and of extraterritorial organisations and bodies | Establishment size coverage: All establishments with at least 10 employees"
Norway,Mujeres,Total,2014,28.31,Currency: NOR - Euro (EUR),"Repository: Eurostat | Data reference period: September | Data reference period: October | Economic activity coverage: Excluding agriculture, public administration, and activities of households as employers and of extraterritorial organisations and bodies | Establishment size coverage: All establishments with at least 10 employees"
Norway,Mujeres,Directores y gerentes,2014,40.05,Currency: NOR - Euro (EUR),"Repository: Eurostat | Data reference period: September | Data reference period: October | Economic activity coverage: Excluding agriculture, public administration, and activities of households as employers and of extraterritorial organisations and bodies | Establishment size coverage: All establishments with at least 10 employees"
Norway,Mujeres,Profesionales científicos e intelectuales,2014,33.13,Currency: NOR - Euro (EUR),"Repository: Eurostat | Data reference period: September | Data reference period: October | Economic activity coverage: Excluding agriculture, public administration, and activities of households as employers and of extraterritorial organisations and bodies | Establishment size coverage: All establishments with at least 10 employees"
Norway,Mujeres,Técnicos y profesionales de nivel medio,2014,30.04,Currency: NOR - Euro (EUR),"Repository: Eurostat | Data reference period: September | Data reference period: October | Economic activity coverage: Excluding agriculture, public administration, and activities of households as employers and of extraterritorial organisations and bodies | Establishment size coverage: All establishments with at least 10 employees"
Norway,Mujeres,Personal de apoyo administrativo,2014,25.59,Currency: NOR - Euro (EUR),"Repository: Eurostat | Data reference period: September | Data reference period: October | Economic activity coverage: Excluding agriculture, public administration, and activities of households as employers and of extraterritorial organisations and bodies | Establishment size coverage: All establishments with at least 10 employees"
Norway,Mujeres,Trabajadores de los servicios y vendedores de comercios y mercados,2014,23.68,Currency: NOR - Euro (EUR),"Repository: Eurostat | Data reference period: September | Data reference period: October | Economic activity coverage: Excluding agriculture, public administration, and activities of households as employers and of extraterritorial organisations and bodies | Establishment size coverage: All establishments with at least 10 employees"
Norway,Mujeres,"Agricultores y trabajadores calificados agropecuarios, forestales y pesqueros",2014,22.6,Currency: NOR - Euro (EUR),"Repository: Eurostat | Data reference period: September | Data reference period: October | Economic activity coverage: Excluding agriculture, public administration, and activities of households as employers and of extraterritorial organisations and bodies | Establishment size coverage: All establishments with at least 10 employees"
Norway,Mujeres,"Oficiales, operarios y artesanos de artes mecánicas y de otros oficios",2014,24.22,Currency: NOR - Euro (EUR),"Repository: Eurostat | Data reference period: September | Data reference period: October | Economic activity coverage: Excluding agriculture, public administration, and activities of households as employers and of extraterritorial organisations and bodies | Establishment size coverage: All establishments with at least 10 employees"
Norway,Mujeres,Operadores de instalaciones y máquinas y ensambladores,2014,24.41,Currency: NOR - Euro (EUR),"Repository: Eurostat | Data reference period: September | Data reference period: October | Economic activity coverage: Excluding agriculture, public administration, and activities of households as employers and of extraterritorial organisations and bodies | Establishment size coverage: All establishments with at least 10 employees"
Norway,Mujeres,Ocupaciones elementales,2014,21.3,Currency: NOR - Euro (EUR),"Repository: Eurostat | Data reference period: September | Data reference period: October | Economic activity coverage: Excluding agriculture, public administration, and activities of households as employers and of extraterritorial organisations and bodies | Establishment size coverage: All establishments with at least 10 employees"
Poland,Total,Total,2014,5.66,Currency: POL - Euro (EUR),"Repository: Eurostat | Data reference period: October | Economic activity coverage: Excluding agriculture, public administration, and activities of households as employers and of extraterritorial organisations and bodies | Establishment size coverage: All establishments with at least 10 employees"
Poland,Total,Directores y gerentes,2014,11.03,Currency: POL - Euro (EUR),"Repository: Eurostat | Data reference period: October | Economic activity coverage: Excluding agriculture, public administration, and activities of households as employers and of extraterritorial organisations and bodies | Establishment size coverage: All establishments with at least 10 employees"
Poland,Total,Profesionales científicos e intelectuales,2014,8.04,Currency: POL - Euro (EUR),"Repository: Eurostat | Data reference period: October | Economic activity coverage: Excluding agriculture, public administration, and activities of households as employers and of extraterritorial organisations and bodies | Establishment size coverage: All establishments with at least 10 employees"
Poland,Total,Técnicos y profesionales de nivel medio,2014,5.44,Currency: POL - Euro (EUR),"Repository: Eurostat | Data reference period: October | Economic activity coverage: Excluding agriculture, public administration, and activities of households as employers and of extraterritorial organisations and bodies | Establishment size coverage: All establishments with at least 10 employees"
Poland,Total,Personal de apoyo administrativo,2014,4.19,Currency: POL - Euro (EUR),"Repository: Eurostat | Data reference period: October | Economic activity coverage: Excluding agriculture, public administration, and activities of households as employers and of extraterritorial organisations and bodies | Establishment size coverage: All establishments with at least 10 employees"
Poland,Total,Trabajadores de los servicios y vendedores de comercios y mercados,2014,3.17,Currency: POL - Euro (EUR),"Repository: Eurostat | Data reference period: October | Economic activity coverage: Excluding agriculture, public administration, and activities of households as employers and of extraterritorial organisations and bodies | Establishment size coverage: All establishments with at least 10 employees"
Poland,Total,"Agricultores y trabajadores calificados agropecuarios, forestales y pesqueros",2014,3.3,Currency: POL - Euro (EUR),"Repository: Eurostat | Data reference period: October | Economic activity coverage: Excluding agriculture, public administration, and activities of households as employers and of extraterritorial organisations and bodies | Establishment size coverage: All establishments with at least 10 employees"
Poland,Total,"Oficiales, operarios y artesanos de artes mecánicas y de otros oficios",2014,4.19,Currency: POL - Euro (EUR),"Repository: Eurostat | Data reference period: October | Economic activity coverage: Excluding agriculture, public administration, and activities of households as employers and of extraterritorial organisations and bodies | Establishment size coverage: All establishments with at least 10 employees"
Poland,Total,Operadores de instalaciones y máquinas y ensambladores,2014,4.27,Currency: POL - Euro (EUR),"Repository: Eurostat | Data reference period: October | Economic activity coverage: Excluding agriculture, public administration, and activities of households as employers and of extraterritorial organisations and bodies | Establishment size coverage: All establishments with at least 10 employees"
Poland,Total,Ocupaciones elementales,2014,3.08,Currency: POL - Euro (EUR),"Repository: Eurostat | Data reference period: October | Economic activity coverage: Excluding agriculture, public administration, and activities of households as employers and of extraterritorial organisations and bodies | Establishment size coverage: All establishments with at least 10 employees"
Poland,Hombres,Total,2014,5.87,Currency: POL - Euro (EUR),"Repository: Eurostat | Data reference period: October | Economic activity coverage: Excluding agriculture, public administration, and activities of households as employers and of extraterritorial organisations and bodies | Establishment size coverage: All establishments with at least 10 employees"
Poland,Hombres,Directores y gerentes,2014,12.57,Currency: POL - Euro (EUR),"Repository: Eurostat | Data reference period: October | Economic activity coverage: Excluding agriculture, public administration, and activities of households as employers and of extraterritorial organisations and bodies | Establishment size coverage: All establishments with at least 10 employees"
Poland,Hombres,Profesionales científicos e intelectuales,2014,8.7,Currency: POL - Euro (EUR),"Repository: Eurostat | Data reference period: October | Economic activity coverage: Excluding agriculture, public administration, and activities of households as employers and of extraterritorial organisations and bodies | Establishment size coverage: All establishments with at least 10 employees"
Poland,Hombres,Técnicos y profesionales de nivel medio,2014,6.15,Currency: POL - Euro (EUR),"Repository: Eurostat | Data reference period: October | Economic activity coverage: Excluding agriculture, public administration, and activities of households as employers and of extraterritorial organisations and bodies | Establishment size coverage: All establishments with at least 10 employees"
Poland,Hombres,Personal de apoyo administrativo,2014,4.22,Currency: POL - Euro (EUR),"Repository: Eurostat | Data reference period: October | Economic activity coverage: Excluding agriculture, public administration, and activities of households as employers and of extraterritorial organisations and bodies | Establishment size coverage: All establishments with at least 10 employees"
Poland,Hombres,Trabajadores de los servicios y vendedores de comercios y mercados,2014,3.44,Currency: POL - Euro (EUR),"Repository: Eurostat | Data reference period: October | Economic activity coverage: Excluding agriculture, public administration, and activities of households as employers and of extraterritorial organisations and bodies | Establishment size coverage: All establishments with at least 10 employees"
Poland,Hombres,"Agricultores y trabajadores calificados agropecuarios, forestales y pesqueros",2014,3.43,Currency: POL - Euro (EUR),"Repository: Eurostat | Data reference period: October | Economic activity coverage: Excluding agriculture, public administration, and activities of households as employers and of extraterritorial organisations and bodies | Establishment size coverage: All establishments with at least 10 employees"
Poland,Hombres,"Oficiales, operarios y artesanos de artes mecánicas y de otros oficios",2014,4.42,Currency: POL - Euro (EUR),"Repository: Eurostat | Data reference period: October | Economic activity coverage: Excluding agriculture, public administration, and activities of households as employers and of extraterritorial organisations and bodies | Establishment size coverage: All establishments with at least 10 employees"
Poland,Hombres,Operadores de instalaciones y máquinas y ensambladores,2014,4.41,Currency: POL - Euro (EUR),"Repository: Eurostat | Data reference period: October | Economic activity coverage: Excluding agriculture, public administration, and activities of households as employers and of extraterritorial organisations and bodies | Establishment size coverage: All establishments with at least 10 employees"
Poland,Hombres,Ocupaciones elementales,2014,3.39,Currency: POL - Euro (EUR),"Repository: Eurostat | Data reference period: October | Economic activity coverage: Excluding agriculture, public administration, and activities of households as employers and of extraterritorial organisations and bodies | Establishment size coverage: All establishments with at least 10 employees"
Poland,Mujeres,Total,2014,5.42,Currency: POL - Euro (EUR),"Repository: Eurostat | Data reference period: October | Economic activity coverage: Excluding agriculture, public administration, and activities of households as employers and of extraterritorial organisations and bodies | Establishment size coverage: All establishments with at least 10 employees"
Poland,Mujeres,Directores y gerentes,2014,9.09,Currency: POL - Euro (EUR),"Repository: Eurostat | Data reference period: October | Economic activity coverage: Excluding agriculture, public administration, and activities of households as employers and of extraterritorial organisations and bodies | Establishment size coverage: All establishments with at least 10 employees"
Poland,Mujeres,Profesionales científicos e intelectuales,2014,7.68,Currency: POL - Euro (EUR),"Repository: Eurostat | Data reference period: October | Economic activity coverage: Excluding agriculture, public administration, and activities of households as employers and of extraterritorial organisations and bodies | Establishment size coverage: All establishments with at least 10 employees"
Poland,Mujeres,Técnicos y profesionales de nivel medio,2014,4.76,Currency: POL - Euro (EUR),"Repository: Eurostat | Data reference period: October | Economic activity coverage: Excluding agriculture, public administration, and activities of households as employers and of extraterritorial organisations and bodies | Establishment size coverage: All establishments with at least 10 employees"
Poland,Mujeres,Personal de apoyo administrativo,2014,4.17,Currency: POL - Euro (EUR),"Repository: Eurostat | Data reference period: October | Economic activity coverage: Excluding agriculture, public administration, and activities of households as employers and of extraterritorial organisations and bodies | Establishment size coverage: All establishments with at least 10 employees"
Poland,Mujeres,Trabajadores de los servicios y vendedores de comercios y mercados,2014,3.03,Currency: POL - Euro (EUR),"Repository: Eurostat | Data reference period: October | Economic activity coverage: Excluding agriculture, public administration, and activities of households as employers and of extraterritorial organisations and bodies | Establishment size coverage: All establishments with at least 10 employees"
Poland,Mujeres,"Agricultores y trabajadores calificados agropecuarios, forestales y pesqueros",2014,3.02,Currency: POL - Euro (EUR),"Repository: Eurostat | Data reference period: October | Economic activity coverage: Excluding agriculture, public administration, and activities of households as employers and of extraterritorial organisations and bodies | Establishment size coverage: All establishments with at least 10 employees"
Poland,Mujeres,"Oficiales, operarios y artesanos de artes mecánicas y de otros oficios",2014,3.07,Currency: POL - Euro (EUR),"Repository: Eurostat | Data reference period: October | Economic activity coverage: Excluding agriculture, public administration, and activities of households as employers and of extraterritorial organisations and bodies | Establishment size coverage: All establishments with at least 10 employees"
Poland,Mujeres,Operadores de instalaciones y máquinas y ensambladores,2014,3.63,Currency: POL - Euro (EUR),"Repository: Eurostat | Data reference period: October | Economic activity coverage: Excluding agriculture, public administration, and activities of households as employers and of extraterritorial organisations and bodies | Establishment size coverage: All establishments with at least 10 employees"
Poland,Mujeres,Ocupaciones elementales,2014,2.87,Currency: POL - Euro (EUR),"Repository: Eurostat | Data reference period: October | Economic activity coverage: Excluding agriculture, public administration, and activities of households as employers and of extraterritorial organisations and bodies | Establishment size coverage: All establishments with at least 10 employees"
Portugal,Total,Total,2014,5.24,Currency: PRT - Euro (EUR),Repository: ILO-STATISTICS - Micro data processing
Portugal,Total,Directores y gerentes,2014,8.55,Currency: PRT - Euro (EUR),Repository: ILO-STATISTICS - Micro data processing
Portugal,Total,Profesionales científicos e intelectuales,2014,8.6,Currency: PRT - Euro (EUR),Repository: ILO-STATISTICS - Micro data processing
Portugal,Total,Técnicos y profesionales de nivel medio,2014,6.14,Currency: PRT - Euro (EUR),Repository: ILO-STATISTICS - Micro data processing
Portugal,Total,Personal de apoyo administrativo,2014,4.57,Currency: PRT - Euro (EUR),Repository: ILO-STATISTICS - Micro data processing
Portugal,Total,Trabajadores de los servicios y vendedores de comercios y mercados,2014,3.68,Currency: PRT - Euro (EUR),Repository: ILO-STATISTICS - Micro data processing
Portugal,Total,"Agricultores y trabajadores calificados agropecuarios, forestales y pesqueros",2014,3.81,Currency: PRT - Euro (EUR),Repository: ILO-STATISTICS - Micro data processing
Portugal,Total,"Oficiales, operarios y artesanos de artes mecánicas y de otros oficios",2014,4.03,Currency: PRT - Euro (EUR),Repository: ILO-STATISTICS - Micro data processing
Portugal,Total,Operadores de instalaciones y máquinas y ensambladores,2014,3.95,Currency: PRT - Euro (EUR),Repository: ILO-STATISTICS - Micro data processing
Portugal,Total,Ocupaciones elementales,2014,3.58,Currency: PRT - Euro (EUR),Repository: ILO-STATISTICS - Micro data processing
Portugal,Total,Ocupaciones militares,2014,6.02,Currency: PRT - Euro (EUR),Repository: ILO-STATISTICS - Micro data processing
Portugal,Hombres,Total,2014,5.51,Currency: PRT - Euro (EUR),Repository: ILO-STATISTICS - Micro data processing
Portugal,Hombres,Directores y gerentes,2014,9.12,Currency: PRT - Euro (EUR),Repository: ILO-STATISTICS - Micro data processing
Portugal,Hombres,Profesionales científicos e intelectuales,2014,8.91,Currency: PRT - Euro (EUR),Repository: ILO-STATISTICS - Micro data processing
Portugal,Hombres,Técnicos y profesionales de nivel medio,2014,6.7,Currency: PRT - Euro (EUR),Repository: ILO-STATISTICS - Micro data processing
Portugal,Hombres,Personal de apoyo administrativo,2014,4.67,Currency: PRT - Euro (EUR),Repository: ILO-STATISTICS - Micro data processing
Portugal,Hombres,Trabajadores de los servicios y vendedores de comercios y mercados,2014,4.25,Currency: PRT - Euro (EUR),Repository: ILO-STATISTICS - Micro data processing
Portugal,Hombres,"Agricultores y trabajadores calificados agropecuarios, forestales y pesqueros",2014,3.66,Currency: PRT - Euro (EUR),Repository: ILO-STATISTICS - Micro data processing
Portugal,Hombres,"Oficiales, operarios y artesanos de artes mecánicas y de otros oficios",2014,4.17,Currency: PRT - Euro (EUR),Repository: ILO-STATISTICS - Micro data processing
Portugal,Hombres,Operadores de instalaciones y máquinas y ensambladores,2014,4.34,Currency: PRT - Euro (EUR),Repository: ILO-STATISTICS - Micro data processing
Portugal,Hombres,Ocupaciones elementales,2014,3.55,Currency: PRT - Euro (EUR),Repository: ILO-STATISTICS - Micro data processing
Portugal,Hombres,Ocupaciones militares,2014,6.16,Currency: PRT - Euro (EUR),Repository: ILO-STATISTICS - Micro data processing
Portugal,Mujeres,Total,2014,4.99,Currency: PRT - Euro (EUR),Repository: ILO-STATISTICS - Micro data processing
Portugal,Mujeres,Directores y gerentes,2014,7.69,Currency: PRT - Euro (EUR),Repository: ILO-STATISTICS - Micro data processing
Portugal,Mujeres,Profesionales científicos e intelectuales,2014,8.4,Currency: PRT - Euro (EUR),Repository: ILO-STATISTICS - Micro data processing
Portugal,Mujeres,Técnicos y profesionales de nivel medio,2014,5.5,Currency: PRT - Euro (EUR),Repository: ILO-STATISTICS - Micro data processing
Portugal,Mujeres,Personal de apoyo administrativo,2014,4.51,Currency: PRT - Euro (EUR),Repository: ILO-STATISTICS - Micro data processing
Portugal,Mujeres,Trabajadores de los servicios y vendedores de comercios y mercados,2014,3.38,Currency: PRT - Euro (EUR),Repository: ILO-STATISTICS - Micro data processing
Portugal,Mujeres,"Agricultores y trabajadores calificados agropecuarios, forestales y pesqueros",2014,4.23,Currency: PRT - Euro (EUR),Repository: ILO-STATISTICS - Micro data processing
Portugal,Mujeres,"Oficiales, operarios y artesanos de artes mecánicas y de otros oficios",2014,3.42,Currency: PRT - Euro (EUR),Repository: ILO-STATISTICS - Micro data processing
Portugal,Mujeres,Operadores de instalaciones y máquinas y ensambladores,2014,3.24,Currency: PRT - Euro (EUR),Repository: ILO-STATISTICS - Micro data processing
Portugal,Mujeres,Ocupaciones elementales,2014,3.59,Currency: PRT - Euro (EUR),Repository: ILO-STATISTICS - Micro data processing
Portugal,Mujeres,Ocupaciones militares,2014,5.01,Currency: PRT - Euro (EUR),Repository: ILO-STATISTICS - Micro data processing
Romania,Total,Total,2014,2.79,Currency: ROU - Euro (EUR),"Repository: Eurostat | Data reference period: October | Economic activity coverage: Excluding agriculture, public administration, and activities of households as employers and of extraterritorial organisations and bodies | Establishment size coverage: All establishments with at least 10 employees"
Romania,Total,Directores y gerentes,2014,6.67,Currency: ROU - Euro (EUR),"Repository: Eurostat | Data reference period: October | Economic activity coverage: Excluding agriculture, public administration, and activities of households as employers and of extraterritorial organisations and bodies | Establishment size coverage: All establishments with at least 10 employees"
Romania,Total,Profesionales científicos e intelectuales,2014,4.17,Currency: ROU - Euro (EUR),"Repository: Eurostat | Data reference period: October | Economic activity coverage: Excluding agriculture, public administration, and activities of households as employers and of extraterritorial organisations and bodies | Establishment size coverage: All establishments with at least 10 employees"
Romania,Total,Técnicos y profesionales de nivel medio,2014,2.99,Currency: ROU - Euro (EUR),"Repository: Eurostat | Data reference period: October | Economic activity coverage: Excluding agriculture, public administration, and activities of households as employers and of extraterritorial organisations and bodies | Establishment size coverage: All establishments with at least 10 employees"
Romania,Total,Personal de apoyo administrativo,2014,2.38,Currency: ROU - Euro (EUR),"Repository: Eurostat | Data reference period: October | Economic activity coverage: Excluding agriculture, public administration, and activities of households as employers and of extraterritorial organisations and bodies | Establishment size coverage: All establishments with at least 10 employees"
Romania,Total,Trabajadores de los servicios y vendedores de comercios y mercados,2014,1.6,Currency: ROU - Euro (EUR),"Repository: Eurostat | Data reference period: October | Economic activity coverage: Excluding agriculture, public administration, and activities of households as employers and of extraterritorial organisations and bodies | Establishment size coverage: All establishments with at least 10 employees"
Romania,Total,"Agricultores y trabajadores calificados agropecuarios, forestales y pesqueros",2014,1.46,Currency: ROU - Euro (EUR),"Repository: Eurostat | Data reference period: October | Economic activity coverage: Excluding agriculture, public administration, and activities of households as employers and of extraterritorial organisations and bodies | Establishment size coverage: All establishments with at least 10 employees"
Romania,Total,"Oficiales, operarios y artesanos de artes mecánicas y de otros oficios",2014,2.27,Currency: ROU - Euro (EUR),"Repository: Eurostat | Data reference period: October | Economic activity coverage: Excluding agriculture, public administration, and activities of households as employers and of extraterritorial organisations and bodies | Establishment size coverage: All establishments with at least 10 employees"
Romania,Total,Operadores de instalaciones y máquinas y ensambladores,2014,2.25,Currency: ROU - Euro (EUR),"Repository: Eurostat | Data reference period: October | Economic activity coverage: Excluding agriculture, public administration, and activities of households as employers and of extraterritorial organisations and bodies | Establishment size coverage: All establishments with at least 10 employees"
Romania,Total,Ocupaciones elementales,2014,1.53,Currency: ROU - Euro (EUR),"Repository: Eurostat | Data reference period: October | Economic activity coverage: Excluding agriculture, public administration, and activities of households as employers and of extraterritorial organisations and bodies | Establishment size coverage: All establishments with at least 10 employees"
Romania,Hombres,Total,2014,2.85,Currency: ROU - Euro (EUR),"Repository: Eurostat | Data reference period: October | Economic activity coverage: Excluding agriculture, public administration, and activities of households as employers and of extraterritorial organisations and bodies | Establishment size coverage: All establishments with at least 10 employees"
Romania,Hombres,Directores y gerentes,2014,6.81,Currency: ROU - Euro (EUR),"Repository: Eurostat | Data reference period: October | Economic activity coverage: Excluding agriculture, public administration, and activities of households as employers and of extraterritorial organisations and bodies | Establishment size coverage: All establishments with at least 10 employees"
Romania,Hombres,Profesionales científicos e intelectuales,2014,4.74,Currency: ROU - Euro (EUR),"Repository: Eurostat | Data reference period: October | Economic activity coverage: Excluding agriculture, public administration, and activities of households as employers and of extraterritorial organisations and bodies | Establishment size coverage: All establishments with at least 10 employees"
Romania,Hombres,Técnicos y profesionales de nivel medio,2014,3.21,Currency: ROU - Euro (EUR),"Repository: Eurostat | Data reference period: October | Economic activity coverage: Excluding agriculture, public administration, and activities of households as employers and of extraterritorial organisations and bodies | Establishment size coverage: All establishments with at least 10 employees"
Romania,Hombres,Personal de apoyo administrativo,2014,2.5,Currency: ROU - Euro (EUR),"Repository: Eurostat | Data reference period: October | Economic activity coverage: Excluding agriculture, public administration, and activities of households as employers and of extraterritorial organisations and bodies | Establishment size coverage: All establishments with at least 10 employees"
Romania,Hombres,Trabajadores de los servicios y vendedores de comercios y mercados,2014,1.57,Currency: ROU - Euro (EUR),"Repository: Eurostat | Data reference period: October | Economic activity coverage: Excluding agriculture, public administration, and activities of households as employers and of extraterritorial organisations and bodies | Establishment size coverage: All establishments with at least 10 employees"
Romania,Hombres,"Agricultores y trabajadores calificados agropecuarios, forestales y pesqueros",2014,1.4,Currency: ROU - Euro (EUR),"Repository: Eurostat | Data reference period: October | Economic activity coverage: Excluding agriculture, public administration, and activities of households as employers and of extraterritorial organisations and bodies | Establishment size coverage: All establishments with at least 10 employees"
Romania,Hombres,"Oficiales, operarios y artesanos de artes mecánicas y de otros oficios",2014,2.36,Currency: ROU - Euro (EUR),"Repository: Eurostat | Data reference period: October | Economic activity coverage: Excluding agriculture, public administration, and activities of households as employers and of extraterritorial organisations and bodies | Establishment size coverage: All establishments with at least 10 employees"
Romania,Hombres,Operadores de instalaciones y máquinas y ensambladores,2014,2.36,Currency: ROU - Euro (EUR),"Repository: Eurostat | Data reference period: October | Economic activity coverage: Excluding agriculture, public administration, and activities of households as employers and of extraterritorial organisations and bodies | Establishment size coverage: All establishments with at least 10 employees"
Romania,Hombres,Ocupaciones elementales,2014,1.54,Currency: ROU - Euro (EUR),"Repository: Eurostat | Data reference period: October | Economic activity coverage: Excluding agriculture, public administration, and activities of households as employers and of extraterritorial organisations and bodies | Establishment size coverage: All establishments with at least 10 employees"
Romania,Mujeres,Total,2014,2.72,Currency: ROU - Euro (EUR),"Repository: Eurostat | Data reference period: October | Economic activity coverage: Excluding agriculture, public administration, and activities of households as employers and of extraterritorial organisations and bodies | Establishment size coverage: All establishments with at least 10 employees"
Romania,Mujeres,Directores y gerentes,2014,6.47,Currency: ROU - Euro (EUR),"Repository: Eurostat | Data reference period: October | Economic activity coverage: Excluding agriculture, public administration, and activities of households as employers and of extraterritorial organisations and bodies | Establishment size coverage: All establishments with at least 10 employees"
Romania,Mujeres,Profesionales científicos e intelectuales,2014,3.86,Currency: ROU - Euro (EUR),"Repository: Eurostat | Data reference period: October | Economic activity coverage: Excluding agriculture, public administration, and activities of households as employers and of extraterritorial organisations and bodies | Establishment size coverage: All establishments with at least 10 employees"
Romania,Mujeres,Técnicos y profesionales de nivel medio,2014,2.74,Currency: ROU - Euro (EUR),"Repository: Eurostat | Data reference period: October | Economic activity coverage: Excluding agriculture, public administration, and activities of households as employers and of extraterritorial organisations and bodies | Establishment size coverage: All establishments with at least 10 employees"
Romania,Mujeres,Personal de apoyo administrativo,2014,2.31,Currency: ROU - Euro (EUR),"Repository: Eurostat | Data reference period: October | Economic activity coverage: Excluding agriculture, public administration, and activities of households as employers and of extraterritorial organisations and bodies | Establishment size coverage: All establishments with at least 10 employees"
Romania,Mujeres,Trabajadores de los servicios y vendedores de comercios y mercados,2014,1.62,Currency: ROU - Euro (EUR),"Repository: Eurostat | Data reference period: October | Economic activity coverage: Excluding agriculture, public administration, and activities of households as employers and of extraterritorial organisations and bodies | Establishment size coverage: All establishments with at least 10 employees"
Romania,Mujeres,"Agricultores y trabajadores calificados agropecuarios, forestales y pesqueros",2014,1.57,Currency: ROU - Euro (EUR),"Repository: Eurostat | Data reference period: October | Economic activity coverage: Excluding agriculture, public administration, and activities of households as employers and of extraterritorial organisations and bodies | Establishment size coverage: All establishments with at least 10 employees"
Romania,Mujeres,"Oficiales, operarios y artesanos de artes mecánicas y de otros oficios",2014,1.98,Currency: ROU - Euro (EUR),"Repository: Eurostat | Data reference period: October | Economic activity coverage: Excluding agriculture, public administration, and activities of households as employers and of extraterritorial organisations and bodies | Establishment size coverage: All establishments with at least 10 employees"
Romania,Mujeres,Operadores de instalaciones y máquinas y ensambladores,2014,2.0,Currency: ROU - Euro (EUR),"Repository: Eurostat | Data reference period: October | Economic activity coverage: Excluding agriculture, public administration, and activities of households as employers and of extraterritorial organisations and bodies | Establishment size coverage: All establishments with at least 10 employees"
Romania,Mujeres,Ocupaciones elementales,2014,1.52,Currency: ROU - Euro (EUR),"Repository: Eurostat | Data reference period: October | Economic activity coverage: Excluding agriculture, public administration, and activities of households as employers and of extraterritorial organisations and bodies | Establishment size coverage: All establishments with at least 10 employees"
Serbia,Total,Total,2014,3.11,Currency: SRB - Euro (EUR),"Repository: Eurostat | Data reference period: October | Economic activity coverage: Excluding agriculture, public administration, and activities of households as employers and of extraterritorial organisations and bodies | Establishment size coverage: All establishments with at least 10 employees"
Serbia,Total,Directores y gerentes,2014,5.62,Currency: SRB - Euro (EUR),"Repository: Eurostat | Data reference period: October | Economic activity coverage: Excluding agriculture, public administration, and activities of households as employers and of extraterritorial organisations and bodies | Establishment size coverage: All establishments with at least 10 employees"
Serbia,Total,Profesionales científicos e intelectuales,2014,4.32,Currency: SRB - Euro (EUR),"Repository: Eurostat | Data reference period: October | Economic activity coverage: Excluding agriculture, public administration, and activities of households as employers and of extraterritorial organisations and bodies | Establishment size coverage: All establishments with at least 10 employees"
Serbia,Total,Técnicos y profesionales de nivel medio,2014,3.42,Currency: SRB - Euro (EUR),"Repository: Eurostat | Data reference period: October | Economic activity coverage: Excluding agriculture, public administration, and activities of households as employers and of extraterritorial organisations and bodies | Establishment size coverage: All establishments with at least 10 employees"
Serbia,Total,Personal de apoyo administrativo,2014,2.95,Currency: SRB - Euro (EUR),"Repository: Eurostat | Data reference period: October | Economic activity coverage: Excluding agriculture, public administration, and activities of households as employers and of extraterritorial organisations and bodies | Establishment size coverage: All establishments with at least 10 employees"
Serbia,Total,Trabajadores de los servicios y vendedores de comercios y mercados,2014,2.11,Currency: SRB - Euro (EUR),"Repository: Eurostat | Data reference period: October | Economic activity coverage: Excluding agriculture, public administration, and activities of households as employers and of extraterritorial organisations and bodies | Establishment size coverage: All establishments with at least 10 employees"
Serbia,Total,"Agricultores y trabajadores calificados agropecuarios, forestales y pesqueros",2014,3.26,Currency: SRB - Euro (EUR),"Repository: Eurostat | Data reference period: October | Economic activity coverage: Excluding agriculture, public administration, and activities of households as employers and of extraterritorial organisations and bodies | Establishment size coverage: All establishments with at least 10 employees"
Serbia,Total,"Oficiales, operarios y artesanos de artes mecánicas y de otros oficios",2014,2.51,Currency: SRB - Euro (EUR),"Repository: Eurostat | Data reference period: October | Economic activity coverage: Excluding agriculture, public administration, and activities of households as employers and of extraterritorial organisations and bodies | Establishment size coverage: All establishments with at least 10 employees"
Serbia,Total,Operadores de instalaciones y máquinas y ensambladores,2014,2.69,Currency: SRB - Euro (EUR),"Repository: Eurostat | Data reference period: October | Economic activity coverage: Excluding agriculture, public administration, and activities of households as employers and of extraterritorial organisations and bodies | Establishment size coverage: All establishments with at least 10 employees"
Serbia,Total,Ocupaciones elementales,2014,2.07,Currency: SRB - Euro (EUR),"Repository: Eurostat | Data reference period: October | Economic activity coverage: Excluding agriculture, public administration, and activities of households as employers and of extraterritorial organisations and bodies | Establishment size coverage: All establishments with at least 10 employees"
Serbia,Hombres,Total,2014,3.24,Currency: SRB - Euro (EUR),"Repository: Eurostat | Data reference period: October | Economic activity coverage: Excluding agriculture, public administration, and activities of households as employers and of extraterritorial organisations and bodies | Establishment size coverage: All establishments with at least 10 employees"
Serbia,Hombres,Directores y gerentes,2014,5.92,Currency: SRB - Euro (EUR),"Repository: Eurostat | Data reference period: October | Economic activity coverage: Excluding agriculture, public administration, and activities of households as employers and of extraterritorial organisations and bodies | Establishment size coverage: All establishments with at least 10 employees"
Serbia,Hombres,Profesionales científicos e intelectuales,2014,4.78,Currency: SRB - Euro (EUR),"Repository: Eurostat | Data reference period: October | Economic activity coverage: Excluding agriculture, public administration, and activities of households as employers and of extraterritorial organisations and bodies | Establishment size coverage: All establishments with at least 10 employees"
Serbia,Hombres,Técnicos y profesionales de nivel medio,2014,3.77,Currency: SRB - Euro (EUR),"Repository: Eurostat | Data reference period: October | Economic activity coverage: Excluding agriculture, public administration, and activities of households as employers and of extraterritorial organisations and bodies | Establishment size coverage: All establishments with at least 10 employees"
Serbia,Hombres,Personal de apoyo administrativo,2014,3.01,Currency: SRB - Euro (EUR),"Repository: Eurostat | Data reference period: October | Economic activity coverage: Excluding agriculture, public administration, and activities of households as employers and of extraterritorial organisations and bodies | Establishment size coverage: All establishments with at least 10 employees"
Serbia,Hombres,Trabajadores de los servicios y vendedores de comercios y mercados,2014,2.27,Currency: SRB - Euro (EUR),"Repository: Eurostat | Data reference period: October | Economic activity coverage: Excluding agriculture, public administration, and activities of households as employers and of extraterritorial organisations and bodies | Establishment size coverage: All establishments with at least 10 employees"
Serbia,Hombres,"Oficiales, operarios y artesanos de artes mecánicas y de otros oficios",2014,2.74,Currency: SRB - Euro (EUR),"Repository: Eurostat | Data reference period: October | Economic activity coverage: Excluding agriculture, public administration, and activities of households as employers and of extraterritorial organisations and bodies | Establishment size coverage: All establishments with at least 10 employees"
Serbia,Hombres,Operadores de instalaciones y máquinas y ensambladores,2014,2.76,Currency: SRB - Euro (EUR),"Repository: Eurostat | Data reference period: October | Economic activity coverage: Excluding agriculture, public administration, and activities of households as employers and of extraterritorial organisations and bodies | Establishment size coverage: All establishments with at least 10 employees"
Serbia,Hombres,Ocupaciones elementales,2014,2.36,Currency: SRB - Euro (EUR),"Repository: Eurostat | Data reference period: October | Economic activity coverage: Excluding agriculture, public administration, and activities of households as employers and of extraterritorial organisations and bodies | Establishment size coverage: All establishments with at least 10 employees"
Serbia,Mujeres,Total,2014,2.96,Currency: SRB - Euro (EUR),"Repository: Eurostat | Data reference period: October | Economic activity coverage: Excluding agriculture, public administration, and activities of households as employers and of extraterritorial organisations and bodies | Establishment size coverage: All establishments with at least 10 employees"
Serbia,Mujeres,Directores y gerentes,2014,5.11,Currency: SRB - Euro (EUR),"Repository: Eurostat | Data reference period: October | Economic activity coverage: Excluding agriculture, public administration, and activities of households as employers and of extraterritorial organisations and bodies | Establishment size coverage: All establishments with at least 10 employees"
Serbia,Mujeres,Profesionales científicos e intelectuales,2014,4.06,Currency: SRB - Euro (EUR),"Repository: Eurostat | Data reference period: October | Economic activity coverage: Excluding agriculture, public administration, and activities of households as employers and of extraterritorial organisations and bodies | Establishment size coverage: All establishments with at least 10 employees"
Serbia,Mujeres,Técnicos y profesionales de nivel medio,2014,3.16,Currency: SRB - Euro (EUR),"Repository: Eurostat | Data reference period: October | Economic activity coverage: Excluding agriculture, public administration, and activities of households as employers and of extraterritorial organisations and bodies | Establishment size coverage: All establishments with at least 10 employees"
Serbia,Mujeres,Personal de apoyo administrativo,2014,2.92,Currency: SRB - Euro (EUR),"Repository: Eurostat | Data reference period: October | Economic activity coverage: Excluding agriculture, public administration, and activities of households as employers and of extraterritorial organisations and bodies | Establishment size coverage: All establishments with at least 10 employees"
Serbia,Mujeres,Trabajadores de los servicios y vendedores de comercios y mercados,2014,1.97,Currency: SRB - Euro (EUR),"Repository: Eurostat | Data reference period: October | Economic activity coverage: Excluding agriculture, public administration, and activities of households as employers and of extraterritorial organisations and bodies | Establishment size coverage: All establishments with at least 10 employees"
Serbia,Mujeres,"Oficiales, operarios y artesanos de artes mecánicas y de otros oficios",2014,1.9,Currency: SRB - Euro (EUR),"Repository: Eurostat | Data reference period: October | Economic activity coverage: Excluding agriculture, public administration, and activities of households as employers and of extraterritorial organisations and bodies | Establishment size coverage: All establishments with at least 10 employees"
Serbia,Mujeres,Operadores de instalaciones y máquinas y ensambladores,2014,2.23,Currency: SRB - Euro (EUR),"Repository: Eurostat | Data reference period: October | Economic activity coverage: Excluding agriculture, public administration, and activities of households as employers and of extraterritorial organisations and bodies | Establishment size coverage: All establishments with at least 10 employees"
Serbia,Mujeres,Ocupaciones elementales,2014,1.79,Currency: SRB - Euro (EUR),"Repository: Eurostat | Data reference period: October | Economic activity coverage: Excluding agriculture, public administration, and activities of households as employers and of extraterritorial organisations and bodies | Establishment size coverage: All establishments with at least 10 employees"
Slovakia,Total,Total,2014,5.33,Currency: SVK - Euro (EUR),"Repository: Eurostat | Economic activity coverage: Excluding agriculture, public administration, and activities of households as employers and of extraterritorial organisations and bodies | Establishment size coverage: All establishments with at least 10 employees"
Slovakia,Total,Directores y gerentes,2014,10.91,Currency: SVK - Euro (EUR),"Repository: Eurostat | Economic activity coverage: Excluding agriculture, public administration, and activities of households as employers and of extraterritorial organisations and bodies | Establishment size coverage: All establishments with at least 10 employees"
Slovakia,Total,Profesionales científicos e intelectuales,2014,6.89,Currency: SVK - Euro (EUR),"Repository: Eurostat | Economic activity coverage: Excluding agriculture, public administration, and activities of households as employers and of extraterritorial organisations and bodies | Establishment size coverage: All establishments with at least 10 employees"
Slovakia,Total,Técnicos y profesionales de nivel medio,2014,5.97,Currency: SVK - Euro (EUR),"Repository: Eurostat | Economic activity coverage: Excluding agriculture, public administration, and activities of households as employers and of extraterritorial organisations and bodies | Establishment size coverage: All establishments with at least 10 employees"
Slovakia,Total,Personal de apoyo administrativo,2014,4.52,Currency: SVK - Euro (EUR),"Repository: Eurostat | Economic activity coverage: Excluding agriculture, public administration, and activities of households as employers and of extraterritorial organisations and bodies | Establishment size coverage: All establishments with at least 10 employees"
Slovakia,Total,Trabajadores de los servicios y vendedores de comercios y mercados,2014,3.57,Currency: SVK - Euro (EUR),"Repository: Eurostat | Economic activity coverage: Excluding agriculture, public administration, and activities of households as employers and of extraterritorial organisations and bodies | Establishment size coverage: All establishments with at least 10 employees"
Slovakia,Total,"Agricultores y trabajadores calificados agropecuarios, forestales y pesqueros",2014,3.19,Currency: SVK - Euro (EUR),"Repository: Eurostat | Economic activity coverage: Excluding agriculture, public administration, and activities of households as employers and of extraterritorial organisations and bodies | Establishment size coverage: All establishments with at least 10 employees"
Slovakia,Total,"Oficiales, operarios y artesanos de artes mecánicas y de otros oficios",2014,4.63,Currency: SVK - Euro (EUR),"Repository: Eurostat | Economic activity coverage: Excluding agriculture, public administration, and activities of households as employers and of extraterritorial organisations and bodies | Establishment size coverage: All establishments with at least 10 employees"
Slovakia,Total,Ocupaciones elementales,2014,3.15,Currency: SVK - Euro (EUR),"Repository: Eurostat | Economic activity coverage: Excluding agriculture, public administration, and activities of households as employers and of extraterritorial organisations and bodies | Establishment size coverage: All establishments with at least 10 employees"
Slovakia,Hombres,Total,2014,5.9,Currency: SVK - Euro (EUR),"Repository: Eurostat | Economic activity coverage: Excluding agriculture, public administration, and activities of households as employers and of extraterritorial organisations and bodies | Establishment size coverage: All establishments with at least 10 employees"
Slovakia,Hombres,Directores y gerentes,2014,12.24,Currency: SVK - Euro (EUR),"Repository: Eurostat | Economic activity coverage: Excluding agriculture, public administration, and activities of households as employers and of extraterritorial organisations and bodies | Establishment size coverage: All establishments with at least 10 employees"
Slovakia,Hombres,Profesionales científicos e intelectuales,2014,8.17,Currency: SVK - Euro (EUR),"Repository: Eurostat | Economic activity coverage: Excluding agriculture, public administration, and activities of households as employers and of extraterritorial organisations and bodies | Establishment size coverage: All establishments with at least 10 employees"
Slovakia,Hombres,Técnicos y profesionales de nivel medio,2014,6.61,Currency: SVK - Euro (EUR),"Repository: Eurostat | Economic activity coverage: Excluding agriculture, public administration, and activities of households as employers and of extraterritorial organisations and bodies | Establishment size coverage: All establishments with at least 10 employees"
Slovakia,Hombres,Personal de apoyo administrativo,2014,4.84,Currency: SVK - Euro (EUR),"Repository: Eurostat | Economic activity coverage: Excluding agriculture, public administration, and activities of households as employers and of extraterritorial organisations and bodies | Establishment size coverage: All establishments with at least 10 employees"
Slovakia,Hombres,Trabajadores de los servicios y vendedores de comercios y mercados,2014,3.9,Currency: SVK - Euro (EUR),"Repository: Eurostat | Economic activity coverage: Excluding agriculture, public administration, and activities of households as employers and of extraterritorial organisations and bodies | Establishment size coverage: All establishments with at least 10 employees"
Slovakia,Hombres,"Agricultores y trabajadores calificados agropecuarios, forestales y pesqueros",2014,3.58,Currency: SVK - Euro (EUR),"Repository: Eurostat | Economic activity coverage: Excluding agriculture, public administration, and activities of households as employers and of extraterritorial organisations and bodies | Establishment size coverage: All establishments with at least 10 employees"
Slovakia,Hombres,"Oficiales, operarios y artesanos de artes mecánicas y de otros oficios",2014,4.92,Currency: SVK - Euro (EUR),"Repository: Eurostat | Economic activity coverage: Excluding agriculture, public administration, and activities of households as employers and of extraterritorial organisations and bodies | Establishment size coverage: All establishments with at least 10 employees"
Slovakia,Hombres,Ocupaciones elementales,2014,3.62,Currency: SVK - Euro (EUR),"Repository: Eurostat | Economic activity coverage: Excluding agriculture, public administration, and activities of households as employers and of extraterritorial organisations and bodies | Establishment size coverage: All establishments with at least 10 employees"
Slovakia,Mujeres,Total,2014,4.74,Currency: SVK - Euro (EUR),"Repository: Eurostat | Economic activity coverage: Excluding agriculture, public administration, and activities of households as employers and of extraterritorial organisations and bodies | Establishment size coverage: All establishments with at least 10 employees"
Slovakia,Mujeres,Directores y gerentes,2014,8.77,Currency: SVK - Euro (EUR),"Repository: Eurostat | Economic activity coverage: Excluding agriculture, public administration, and activities of households as employers and of extraterritorial organisations and bodies | Establishment size coverage: All establishments with at least 10 employees"
Slovakia,Mujeres,Profesionales científicos e intelectuales,2014,6.1,Currency: SVK - Euro (EUR),"Repository: Eurostat | Economic activity coverage: Excluding agriculture, public administration, and activities of households as employers and of extraterritorial organisations and bodies | Establishment size coverage: All establishments with at least 10 employees"
Slovakia,Mujeres,Técnicos y profesionales de nivel medio,2014,5.39,Currency: SVK - Euro (EUR),"Repository: Eurostat | Economic activity coverage: Excluding agriculture, public administration, and activities of households as employers and of extraterritorial organisations and bodies | Establishment size coverage: All establishments with at least 10 employees"
Slovakia,Mujeres,Personal de apoyo administrativo,2014,4.38,Currency: SVK - Euro (EUR),"Repository: Eurostat | Economic activity coverage: Excluding agriculture, public administration, and activities of households as employers and of extraterritorial organisations and bodies | Establishment size coverage: All establishments with at least 10 employees"
Slovakia,Mujeres,Trabajadores de los servicios y vendedores de comercios y mercados,2014,3.38,Currency: SVK - Euro (EUR),"Repository: Eurostat | Economic activity coverage: Excluding agriculture, public administration, and activities of households as employers and of extraterritorial organisations and bodies | Establishment size coverage: All establishments with at least 10 employees"
Slovakia,Mujeres,"Agricultores y trabajadores calificados agropecuarios, forestales y pesqueros",2014,2.72,Currency: SVK - Euro (EUR),"Repository: Eurostat | Economic activity coverage: Excluding agriculture, public administration, and activities of households as employers and of extraterritorial organisations and bodies | Establishment size coverage: All establishments with at least 10 employees"
Slovakia,Mujeres,"Oficiales, operarios y artesanos de artes mecánicas y de otros oficios",2014,3.48,Currency: SVK - Euro (EUR),"Repository: Eurostat | Economic activity coverage: Excluding agriculture, public administration, and activities of households as employers and of extraterritorial organisations and bodies | Establishment size coverage: All establishments with at least 10 employees"
Slovakia,Mujeres,Operadores de instalaciones y máquinas y ensambladores,2014,3.67,Currency: SVK - Euro (EUR),"Repository: Eurostat | Economic activity coverage: Excluding agriculture, public administration, and activities of households as employers and of extraterritorial organisations and bodies | Establishment size coverage: All establishments with at least 10 employees"
Slovakia,Mujeres,Ocupaciones elementales,2014,2.85,Currency: SVK - Euro (EUR),"Repository: Eurostat | Economic activity coverage: Excluding agriculture, public administration, and activities of households as employers and of extraterritorial organisations and bodies | Establishment size coverage: All establishments with at least 10 employees"
Slovenia,Total,Total,2014,8.84,Currency: SVN - Euro (EUR),"Repository: Eurostat | Data reference period: October | Economic activity coverage: Excluding agriculture, public administration, and activities of households as employers and of extraterritorial organisations and bodies | Establishment size coverage: All establishments with at least 10 employees"
Slovenia,Total,Directores y gerentes,2014,19.38,Currency: SVN - Euro (EUR),"Repository: Eurostat | Data reference period: October | Economic activity coverage: Excluding agriculture, public administration, and activities of households as employers and of extraterritorial organisations and bodies | Establishment size coverage: All establishments with at least 10 employees"
Slovenia,Total,Profesionales científicos e intelectuales,2014,12.4,Currency: SVN - Euro (EUR),"Repository: Eurostat | Data reference period: October | Economic activity coverage: Excluding agriculture, public administration, and activities of households as employers and of extraterritorial organisations and bodies | Establishment size coverage: All establishments with at least 10 employees"
Slovenia,Total,Técnicos y profesionales de nivel medio,2014,9.98,Currency: SVN - Euro (EUR),"Repository: Eurostat | Data reference period: October | Economic activity coverage: Excluding agriculture, public administration, and activities of households as employers and of extraterritorial organisations and bodies | Establishment size coverage: All establishments with at least 10 employees"
Slovenia,Total,Personal de apoyo administrativo,2014,7.82,Currency: SVN - Euro (EUR),"Repository: Eurostat | Data reference period: October | Economic activity coverage: Excluding agriculture, public administration, and activities of households as employers and of extraterritorial organisations and bodies | Establishment size coverage: All establishments with at least 10 employees"
Slovenia,Total,Trabajadores de los servicios y vendedores de comercios y mercados,2014,5.96,Currency: SVN - Euro (EUR),"Repository: Eurostat | Data reference period: October | Economic activity coverage: Excluding agriculture, public administration, and activities of households as employers and of extraterritorial organisations and bodies | Establishment size coverage: All establishments with at least 10 employees"
Slovenia,Total,"Agricultores y trabajadores calificados agropecuarios, forestales y pesqueros",2014,6.12,Currency: SVN - Euro (EUR),"Repository: Eurostat | Data reference period: October | Economic activity coverage: Excluding agriculture, public administration, and activities of households as employers and of extraterritorial organisations and bodies | Establishment size coverage: All establishments with at least 10 employees"
Slovenia,Total,"Oficiales, operarios y artesanos de artes mecánicas y de otros oficios",2014,6.97,Currency: SVN - Euro (EUR),"Repository: Eurostat | Data reference period: October | Economic activity coverage: Excluding agriculture, public administration, and activities of households as employers and of extraterritorial organisations and bodies | Establishment size coverage: All establishments with at least 10 employees"
Slovenia,Total,Operadores de instalaciones y máquinas y ensambladores,2014,6.85,Currency: SVN - Euro (EUR),"Repository: Eurostat | Data reference period: October | Economic activity coverage: Excluding agriculture, public administration, and activities of households as employers and of extraterritorial organisations and bodies | Establishment size coverage: All establishments with at least 10 employees"
Slovenia,Total,Ocupaciones elementales,2014,5.39,Currency: SVN - Euro (EUR),"Repository: Eurostat | Data reference period: October | Economic activity coverage: Excluding agriculture, public administration, and activities of households as employers and of extraterritorial organisations and bodies | Establishment size coverage: All establishments with at least 10 employees"
Slovenia,Hombres,Total,2014,9.14,Currency: SVN - Euro (EUR),"Repository: Eurostat | Data reference period: October | Economic activity coverage: Excluding agriculture, public administration, and activities of households as employers and of extraterritorial organisations and bodies | Establishment size coverage: All establishments with at least 10 employees"
Slovenia,Hombres,Directores y gerentes,2014,20.31,Currency: SVN - Euro (EUR),"Repository: Eurostat | Data reference period: October | Economic activity coverage: Excluding agriculture, public administration, and activities of households as employers and of extraterritorial organisations and bodies | Establishment size coverage: All establishments with at least 10 employees"
Slovenia,Hombres,Profesionales científicos e intelectuales,2014,13.8,Currency: SVN - Euro (EUR),"Repository: Eurostat | Data reference period: October | Economic activity coverage: Excluding agriculture, public administration, and activities of households as employers and of extraterritorial organisations and bodies | Establishment size coverage: All establishments with at least 10 employees"
Slovenia,Hombres,Técnicos y profesionales de nivel medio,2014,10.72,Currency: SVN - Euro (EUR),"Repository: Eurostat | Data reference period: October | Economic activity coverage: Excluding agriculture, public administration, and activities of households as employers and of extraterritorial organisations and bodies | Establishment size coverage: All establishments with at least 10 employees"
Slovenia,Hombres,Personal de apoyo administrativo,2014,7.7,Currency: SVN - Euro (EUR),"Repository: Eurostat | Data reference period: October | Economic activity coverage: Excluding agriculture, public administration, and activities of households as employers and of extraterritorial organisations and bodies | Establishment size coverage: All establishments with at least 10 employees"
Slovenia,Hombres,Trabajadores de los servicios y vendedores de comercios y mercados,2014,6.33,Currency: SVN - Euro (EUR),"Repository: Eurostat | Data reference period: October | Economic activity coverage: Excluding agriculture, public administration, and activities of households as employers and of extraterritorial organisations and bodies | Establishment size coverage: All establishments with at least 10 employees"
Slovenia,Hombres,"Agricultores y trabajadores calificados agropecuarios, forestales y pesqueros",2014,6.15,Currency: SVN - Euro (EUR),"Repository: Eurostat | Data reference period: October | Economic activity coverage: Excluding agriculture, public administration, and activities of households as employers and of extraterritorial organisations and bodies | Establishment size coverage: All establishments with at least 10 employees"
Slovenia,Hombres,"Oficiales, operarios y artesanos de artes mecánicas y de otros oficios",2014,7.14,Currency: SVN - Euro (EUR),"Repository: Eurostat | Data reference period: October | Economic activity coverage: Excluding agriculture, public administration, and activities of households as employers and of extraterritorial organisations and bodies | Establishment size coverage: All establishments with at least 10 employees"
Slovenia,Hombres,Operadores de instalaciones y máquinas y ensambladores,2014,7.22,Currency: SVN - Euro (EUR),"Repository: Eurostat | Data reference period: October | Economic activity coverage: Excluding agriculture, public administration, and activities of households as employers and of extraterritorial organisations and bodies | Establishment size coverage: All establishments with at least 10 employees"
Slovenia,Hombres,Ocupaciones elementales,2014,5.92,Currency: SVN - Euro (EUR),"Repository: Eurostat | Data reference period: October | Economic activity coverage: Excluding agriculture, public administration, and activities of households as employers and of extraterritorial organisations and bodies | Establishment size coverage: All establishments with at least 10 employees"
Slovenia,Mujeres,Total,2014,8.5,Currency: SVN - Euro (EUR),"Repository: Eurostat | Data reference period: October | Economic activity coverage: Excluding agriculture, public administration, and activities of households as employers and of extraterritorial organisations and bodies | Establishment size coverage: All establishments with at least 10 employees"
Slovenia,Mujeres,Directores y gerentes,2014,17.8,Currency: SVN - Euro (EUR),"Repository: Eurostat | Data reference period: October | Economic activity coverage: Excluding agriculture, public administration, and activities of households as employers and of extraterritorial organisations and bodies | Establishment size coverage: All establishments with at least 10 employees"
Slovenia,Mujeres,Profesionales científicos e intelectuales,2014,11.54,Currency: SVN - Euro (EUR),"Repository: Eurostat | Data reference period: October | Economic activity coverage: Excluding agriculture, public administration, and activities of households as employers and of extraterritorial organisations and bodies | Establishment size coverage: All establishments with at least 10 employees"
Slovenia,Mujeres,Técnicos y profesionales de nivel medio,2014,9.31,Currency: SVN - Euro (EUR),"Repository: Eurostat | Data reference period: October | Economic activity coverage: Excluding agriculture, public administration, and activities of households as employers and of extraterritorial organisations and bodies | Establishment size coverage: All establishments with at least 10 employees"
Slovenia,Mujeres,Personal de apoyo administrativo,2014,7.9,Currency: SVN - Euro (EUR),"Repository: Eurostat | Data reference period: October | Economic activity coverage: Excluding agriculture, public administration, and activities of households as employers and of extraterritorial organisations and bodies | Establishment size coverage: All establishments with at least 10 employees"
Slovenia,Mujeres,Trabajadores de los servicios y vendedores de comercios y mercados,2014,5.75,Currency: SVN - Euro (EUR),"Repository: Eurostat | Data reference period: October | Economic activity coverage: Excluding agriculture, public administration, and activities of households as employers and of extraterritorial organisations and bodies | Establishment size coverage: All establishments with at least 10 employees"
Slovenia,Mujeres,"Agricultores y trabajadores calificados agropecuarios, forestales y pesqueros",2014,6.05,Currency: SVN - Euro (EUR),"Repository: Eurostat | Data reference period: October | Economic activity coverage: Excluding agriculture, public administration, and activities of households as employers and of extraterritorial organisations and bodies | Establishment size coverage: All establishments with at least 10 employees"
Slovenia,Mujeres,"Oficiales, operarios y artesanos de artes mecánicas y de otros oficios",2014,5.72,Currency: SVN - Euro (EUR),"Repository: Eurostat | Data reference period: October | Economic activity coverage: Excluding agriculture, public administration, and activities of households as employers and of extraterritorial organisations and bodies | Establishment size coverage: All establishments with at least 10 employees"
Slovenia,Mujeres,Operadores de instalaciones y máquinas y ensambladores,2014,5.74,Currency: SVN - Euro (EUR),"Repository: Eurostat | Data reference period: October | Economic activity coverage: Excluding agriculture, public administration, and activities of households as employers and of extraterritorial organisations and bodies | Establishment size coverage: All establishments with at least 10 employees"
Slovenia,Mujeres,Ocupaciones elementales,2014,4.93,Currency: SVN - Euro (EUR),"Repository: Eurostat | Data reference period: October | Economic activity coverage: Excluding agriculture, public administration, and activities of households as employers and of extraterritorial organisations and bodies | Establishment size coverage: All establishments with at least 10 employees"
Sweden,Total,Total,2014,20.64,Currency: SWE - Euro (EUR),"Repository: Eurostat | Data reference period: September | Economic activity coverage: Excluding agriculture, public administration, and activities of households as employers and of extraterritorial organisations and bodies | Establishment size coverage: All establishments with at least 10 employees | Age coverage - minimum age: 17 years old"
Sweden,Total,Directores y gerentes,2014,34.68,Currency: SWE - Euro (EUR),"Repository: Eurostat | Data reference period: September | Economic activity coverage: Excluding agriculture, public administration, and activities of households as employers and of extraterritorial organisations and bodies | Establishment size coverage: All establishments with at least 10 employees | Age coverage - minimum age: 17 years old"
Sweden,Total,Profesionales científicos e intelectuales,2014,23.58,Currency: SWE - Euro (EUR),"Repository: Eurostat | Data reference period: September | Economic activity coverage: Excluding agriculture, public administration, and activities of households as employers and of extraterritorial organisations and bodies | Establishment size coverage: All establishments with at least 10 employees | Age coverage - minimum age: 17 years old"
Sweden,Total,Técnicos y profesionales de nivel medio,2014,22.15,Currency: SWE - Euro (EUR),"Repository: Eurostat | Data reference period: September | Economic activity coverage: Excluding agriculture, public administration, and activities of households as employers and of extraterritorial organisations and bodies | Establishment size coverage: All establishments with at least 10 employees | Age coverage - minimum age: 17 years old"
Sweden,Total,Personal de apoyo administrativo,2014,17.61,Currency: SWE - Euro (EUR),"Repository: Eurostat | Data reference period: September | Economic activity coverage: Excluding agriculture, public administration, and activities of households as employers and of extraterritorial organisations and bodies | Establishment size coverage: All establishments with at least 10 employees | Age coverage - minimum age: 17 years old"
Sweden,Total,Trabajadores de los servicios y vendedores de comercios y mercados,2014,16.68,Currency: SWE - Euro (EUR),"Repository: Eurostat | Data reference period: September | Economic activity coverage: Excluding agriculture, public administration, and activities of households as employers and of extraterritorial organisations and bodies | Establishment size coverage: All establishments with at least 10 employees | Age coverage - minimum age: 17 years old"
Sweden,Total,"Agricultores y trabajadores calificados agropecuarios, forestales y pesqueros",2014,16.28,Currency: SWE - Euro (EUR),"Repository: Eurostat | Data reference period: September | Economic activity coverage: Excluding agriculture, public administration, and activities of households as employers and of extraterritorial organisations and bodies | Establishment size coverage: All establishments with at least 10 employees | Age coverage - minimum age: 17 years old"
Sweden,Total,"Oficiales, operarios y artesanos de artes mecánicas y de otros oficios",2014,19.38,Currency: SWE - Euro (EUR),"Repository: Eurostat | Data reference period: September | Economic activity coverage: Excluding agriculture, public administration, and activities of households as employers and of extraterritorial organisations and bodies | Establishment size coverage: All establishments with at least 10 employees | Age coverage - minimum age: 17 years old"
Sweden,Total,Operadores de instalaciones y máquinas y ensambladores,2014,18.69,Currency: SWE - Euro (EUR),"Repository: Eurostat | Data reference period: September | Economic activity coverage: Excluding agriculture, public administration, and activities of households as employers and of extraterritorial organisations and bodies | Establishment size coverage: All establishments with at least 10 employees | Age coverage - minimum age: 17 years old"
Sweden,Total,Ocupaciones elementales,2014,14.89,Currency: SWE - Euro (EUR),"Repository: Eurostat | Data reference period: September | Economic activity coverage: Excluding agriculture, public administration, and activities of households as employers and of extraterritorial organisations and bodies | Establishment size coverage: All establishments with at least 10 employees | Age coverage - minimum age: 17 years old"
Sweden,Hombres,Total,2014,22.22,Currency: SWE - Euro (EUR),"Repository: Eurostat | Data reference period: September | Economic activity coverage: Excluding agriculture, public administration, and activities of households as employers and of extraterritorial organisations and bodies | Establishment size coverage: All establishments with at least 10 employees | Age coverage - minimum age: 17 years old"
Sweden,Hombres,Directores y gerentes,2014,37.07,Currency: SWE - Euro (EUR),"Repository: Eurostat | Data reference period: September | Economic activity coverage: Excluding agriculture, public administration, and activities of households as employers and of extraterritorial organisations and bodies | Establishment size coverage: All establishments with at least 10 employees | Age coverage - minimum age: 17 years old"
Sweden,Hombres,Profesionales científicos e intelectuales,2014,26.6,Currency: SWE - Euro (EUR),"Repository: Eurostat | Data reference period: September | Economic activity coverage: Excluding agriculture, public administration, and activities of households as employers and of extraterritorial organisations and bodies | Establishment size coverage: All establishments with at least 10 employees | Age coverage - minimum age: 17 years old"
Sweden,Hombres,Técnicos y profesionales de nivel medio,2014,23.61,Currency: SWE - Euro (EUR),"Repository: Eurostat | Data reference period: September | Economic activity coverage: Excluding agriculture, public administration, and activities of households as employers and of extraterritorial organisations and bodies | Establishment size coverage: All establishments with at least 10 employees | Age coverage - minimum age: 17 years old"
Sweden,Hombres,Personal de apoyo administrativo,2014,17.94,Currency: SWE - Euro (EUR),"Repository: Eurostat | Data reference period: September | Economic activity coverage: Excluding agriculture, public administration, and activities of households as employers and of extraterritorial organisations and bodies | Establishment size coverage: All establishments with at least 10 employees | Age coverage - minimum age: 17 years old"
Sweden,Hombres,Trabajadores de los servicios y vendedores de comercios y mercados,2014,16.96,Currency: SWE - Euro (EUR),"Repository: Eurostat | Data reference period: September | Economic activity coverage: Excluding agriculture, public administration, and activities of households as employers and of extraterritorial organisations and bodies | Establishment size coverage: All establishments with at least 10 employees | Age coverage - minimum age: 17 years old"
Sweden,Hombres,"Agricultores y trabajadores calificados agropecuarios, forestales y pesqueros",2014,16.49,Currency: SWE - Euro (EUR),"Repository: Eurostat | Data reference period: September | Economic activity coverage: Excluding agriculture, public administration, and activities of households as employers and of extraterritorial organisations and bodies | Establishment size coverage: All establishments with at least 10 employees | Age coverage - minimum age: 17 years old"
Sweden,Hombres,"Oficiales, operarios y artesanos de artes mecánicas y de otros oficios",2014,19.48,Currency: SWE - Euro (EUR),"Repository: Eurostat | Data reference period: September | Economic activity coverage: Excluding agriculture, public administration, and activities of households as employers and of extraterritorial organisations and bodies | Establishment size coverage: All establishments with at least 10 employees | Age coverage - minimum age: 17 years old"
Sweden,Hombres,Operadores de instalaciones y máquinas y ensambladores,2014,18.87,Currency: SWE - Euro (EUR),"Repository: Eurostat | Data reference period: September | Economic activity coverage: Excluding agriculture, public administration, and activities of households as employers and of extraterritorial organisations and bodies | Establishment size coverage: All establishments with at least 10 employees | Age coverage - minimum age: 17 years old"
Sweden,Hombres,Ocupaciones elementales,2014,15.7,Currency: SWE - Euro (EUR),"Repository: Eurostat | Data reference period: September | Economic activity coverage: Excluding agriculture, public administration, and activities of households as employers and of extraterritorial organisations and bodies | Establishment size coverage: All establishments with at least 10 employees | Age coverage - minimum age: 17 years old"
Sweden,Mujeres,Total,2014,19.14,Currency: SWE - Euro (EUR),"Repository: Eurostat | Data reference period: September | Economic activity coverage: Excluding agriculture, public administration, and activities of households as employers and of extraterritorial organisations and bodies | Establishment size coverage: All establishments with at least 10 employees | Age coverage - minimum age: 17 years old"
Sweden,Mujeres,Directores y gerentes,2014,31.03,Currency: SWE - Euro (EUR),"Repository: Eurostat | Data reference period: September | Economic activity coverage: Excluding agriculture, public administration, and activities of households as employers and of extraterritorial organisations and bodies | Establishment size coverage: All establishments with at least 10 employees | Age coverage - minimum age: 17 years old"
Sweden,Mujeres,Profesionales científicos e intelectuales,2014,21.64,Currency: SWE - Euro (EUR),"Repository: Eurostat | Data reference period: September | Economic activity coverage: Excluding agriculture, public administration, and activities of households as employers and of extraterritorial organisations and bodies | Establishment size coverage: All establishments with at least 10 employees | Age coverage - minimum age: 17 years old"
Sweden,Mujeres,Técnicos y profesionales de nivel medio,2014,20.1,Currency: SWE - Euro (EUR),"Repository: Eurostat | Data reference period: September | Economic activity coverage: Excluding agriculture, public administration, and activities of households as employers and of extraterritorial organisations and bodies | Establishment size coverage: All establishments with at least 10 employees | Age coverage - minimum age: 17 years old"
Sweden,Mujeres,Personal de apoyo administrativo,2014,17.39,Currency: SWE - Euro (EUR),"Repository: Eurostat | Data reference period: September | Economic activity coverage: Excluding agriculture, public administration, and activities of households as employers and of extraterritorial organisations and bodies | Establishment size coverage: All establishments with at least 10 employees | Age coverage - minimum age: 17 years old"
Sweden,Mujeres,Trabajadores de los servicios y vendedores de comercios y mercados,2014,16.58,Currency: SWE - Euro (EUR),"Repository: Eurostat | Data reference period: September | Economic activity coverage: Excluding agriculture, public administration, and activities of households as employers and of extraterritorial organisations and bodies | Establishment size coverage: All establishments with at least 10 employees | Age coverage - minimum age: 17 years old"
Sweden,Mujeres,"Agricultores y trabajadores calificados agropecuarios, forestales y pesqueros",2014,15.58,Currency: SWE - Euro (EUR),"Repository: Eurostat | Data reference period: September | Economic activity coverage: Excluding agriculture, public administration, and activities of households as employers and of extraterritorial organisations and bodies | Establishment size coverage: All establishments with at least 10 employees | Age coverage - minimum age: 17 years old"
Sweden,Mujeres,"Oficiales, operarios y artesanos de artes mecánicas y de otros oficios",2014,17.52,Currency: SWE - Euro (EUR),"Repository: Eurostat | Data reference period: September | Economic activity coverage: Excluding agriculture, public administration, and activities of households as employers and of extraterritorial organisations and bodies | Establishment size coverage: All establishments with at least 10 employees | Age coverage - minimum age: 17 years old"
Sweden,Mujeres,Operadores de instalaciones y máquinas y ensambladores,2014,17.8,Currency: SWE - Euro (EUR),"Repository: Eurostat | Data reference period: September | Economic activity coverage: Excluding agriculture, public administration, and activities of households as employers and of extraterritorial organisations and bodies | Establishment size coverage: All establishments with at least 10 employees | Age coverage - minimum age: 17 years old"
Sweden,Mujeres,Ocupaciones elementales,2014,14.28,Currency: SWE - Euro (EUR),"Repository: Eurostat | Data reference period: September | Economic activity coverage: Excluding agriculture, public administration, and activities of households as employers and of extraterritorial organisations and bodies | Establishment size coverage: All establishments with at least 10 employees | Age coverage - minimum age: 17 years old"
